Time,COM Elapse,0-Pressure,0-Pressure Temperature,0-Humidity,0-Humidity Temperature,1-EE03 Humidity,1-EE03 Humidity Temperature,2-Sensor Temperature,2-Object Temperature,3-GPS Latitude,3-GPS Longitude,3-GPS Altitude,3-GPS Sat Count,4-HTU21D Humidity,4-HTU21D Humidity Temperature,5-NTC Temperature A,5-NTC Resistance A,6-Hanwei CO ppm,6-Hanwei CO SUP VDC,6-Hanwei CO VDC ,7-Hanwei CH4 ppm,7-Hanwei CH4 SUP VDC,7-Hanwei CH4 VDC ,8-IST HYT 271 Humidity,8-IST HYT 271 Humidity Temperature,13-NTC Temperature B,13-NTC Resistance B,14-EEH210 Humidity,14-EEH210 Humidity Temperature,15-IMS PT100A Temperature,15-IMS PT100A Resistance,16-IMS PT100B Temperature,16-IMS PT100B Resistance,17-IST HYT 271 Humidity B,17-IST HYT 271 Humidity Temperature B,XQ-iMet-XQ Pressure,XQ-iMet-XQ Air Temperature,XQ-iMet-XQ Humidity,XQ-iMet-XQ Humidity Temp,XQ-iMet-XQ Date,XQ-iMet-XQ Time,XQ-iMet-XQ Longitude,XQ-iMet-XQ Latitude,XQ-iMet-XQ Altitude,XQ-iMet-XQ Sat Count
2022/07/11 01:46:05.0723,3.484,0,0,0,0,0,0,0,0,0,0,0,0,0,0,0,0,0,0,0,0,0,0,0,0,0,0,0,0,0,0,0,0,0,0,1006.74,16.39,31.6,18.37,2022/07/09,19:09:23,-51.2216116,71.1414375,-2.346,8
2022/07/11 01:46:05.1036,3.516,0,0,0,0,0,0,0,0,0,0,0,0,0,0,0,0,0,0,0,0,0,0,0,0,0,0,0,0,0,0,0,0,0,0,1006.61,15.87,31.1,18.12,2022/07/09,19:09:24,-51.2216336,71.1414292,-2.865,8
2022/07/11 01:46:05.1348,3.547,0,0,0,0,0,0,0,0,0,0,0,0,0,0,0,0,0,0,0,0,0,0,0,0,0,0,0,0,0,0,0,0,0,0,1006.66,15.72,30.7,17.86,2022/07/09,19:09:25,-51.2216437,71.1414292,-4.577,8
2022/07/11 01:46:05.1505,3.562,0,0,0,0,0,0,0,0,0,0,0,0,0,0,0,0,0,0,0,0,0,0,0,0,0,0,0,0,0,0,0,0,0,0,1006.64,15.84,30.9,17.69,2022/07/09,19:09:26,-51.2216503,71.1414249,-5.999,8
2022/07/11 01:46:05.1817,3.594,0,0,0,0,0,0,0,0,0,0,0,0,0,0,0,0,0,0,0,0,0,0,0,0,0,0,0,0,0,0,0,0,0,0,1006.45,15.88,31.1,17.57,2022/07/09,19:09:27,-51.221662,71.1414181,-6.236,8
2022/07/11 01:46:05.2128,3.625,0,0,0,0,0,0,0,0,0,0,0,0,0,0,0,0,0,0,0,0,0,0,0,0,0,0,0,0,0,0,0,0,0,0,1006.37,15.5,30.7,17.39,2022/07/09,19:09:28,-51.2216717,71.1414134,-9.668,8
2022/07/11 01:46:05.2286,3.641,0,0,0,0,0,0,0,0,0,0,0,0,0,0,0,0,0,0,0,0,0,0,0,0,0,0,0,0,0,0,0,0,0,0,1006.32,15.54,30.3,17.21,2022/07/09,19:09:29,-51.2216768,71.1414074,-10.584,8
2022/07/11 01:46:05.2597,3.672,0,0,0,0,0,0,0,0,0,0,0,0,0,0,0,0,0,0,0,0,0,0,0,0,0,0,0,0,0,0,0,0,0,0,1006.25,15.69,30.1,17.08,2022/07/09,19:09:30,-51.2216896,71.1414054,-12.993,8
2022/07/11 01:46:05.2911,3.703,0,0,0,0,0,0,0,0,0,0,0,0,0,0,0,0,0,0,0,0,0,0,0,0,0,0,0,0,0,0,0,0,0,0,1006.2,15.85,30,16.98,2022/07/09,19:09:31,-51.221668,71.1414203,-6.895,9
2022/07/11 01:46:05.3067,3.719,0,0,0,0,0,0,0,0,0,0,0,0,0,0,0,0,0,0,0,0,0,0,0,0,0,0,0,0,0,0,0,0,0,0,1006.11,15.98,30.1,16.96,2022/07/09,19:09:32,-51.2216586,71.1414205,-2.306,9
2022/07/11 01:46:05.3380,3.75,0,0,0,0,0,0,0,0,0,0,0,0,0,0,0,0,0,0,0,0,0,0,0,0,0,0,0,0,0,0,0,0,0,0,1005.94,16.1,30.2,16.94,2022/07/09,19:09:33,-51.2216565,71.1414208,-0.244,9
2022/07/11 01:46:05.3692,3.781,0,0,0,0,0,0,0,0,0,0,0,0,0,0,0,0,0,0,0,0,0,0,0,0,0,0,0,0,0,0,0,0,0,0,1005.82,15.92,30.2,16.9,2022/07/09,19:09:34,-51.221654,71.1414212,0.339,9
2022/07/11 01:46:05.3847,3.797,0,0,0,0,0,0,0,0,0,0,0,0,0,0,0,0,0,0,0,0,0,0,0,0,0,0,0,0,0,0,0,0,0,0,1005.7,16.02,30.2,16.87,2022/07/09,19:09:35,-51.2216547,71.1414182,-0.315,9
2022/07/11 01:46:05.4161,3.828,0,0,0,0,0,0,0,0,0,0,0,0,0,0,0,0,0,0,0,0,0,0,0,0,0,0,0,0,0,0,0,0,0,0,1005.66,15.98,30.2,16.85,2022/07/09,19:09:36,-51.2216576,71.1414184,-0.262,9
2022/07/11 01:46:05.4317,3.844,0,0,0,0,0,0,0,0,0,0,0,0,0,0,0,0,0,0,0,0,0,0,0,0,0,0,0,0,0,0,0,0,0,0,1005.44,15.86,30.2,16.8,2022/07/09,19:09:37,-51.221662,71.1414174,-1.005,9
2022/07/11 01:46:05.4629,3.875,0,0,0,0,0,0,0,0,0,0,0,0,0,0,0,0,0,0,0,0,0,0,0,0,0,0,0,0,0,0,0,0,0,0,1005.42,15.88,30.2,16.78,2022/07/09,19:09:38,-51.2216595,71.1414256,3.788,9
2022/07/11 01:46:05.4941,3.906,0,0,0,0,0,0,0,0,0,0,0,0,0,0,0,0,0,0,0,0,0,0,0,0,0,0,0,0,0,0,0,0,0,0,1005.25,15.83,30.3,16.74,2022/07/09,19:09:39,-51.2216597,71.1414342,6.429,9
2022/07/11 01:46:05.5097,3.922,0,0,0,0,0,0,0,0,0,0,0,0,0,0,0,0,0,0,0,0,0,0,0,0,0,0,0,0,0,0,0,0,0,0,1005.13,16.06,30.5,16.74,2022/07/09,19:09:40,-51.2216659,71.1414384,6.955,9
2022/07/11 01:46:05.5411,3.953,0,0,0,0,0,0,0,0,0,0,0,0,0,0,0,0,0,0,0,0,0,0,0,0,0,0,0,0,0,0,0,0,0,0,1005.01,15.84,30.5,16.74,2022/07/09,19:09:41,-51.2216685,71.1414434,8.528,9
2022/07/11 01:46:05.5723,3.984,0,0,0,0,0,0,0,0,0,0,0,0,0,0,0,0,0,0,0,0,0,0,0,0,0,0,0,0,0,0,0,0,0,0,1004.95,15.54,30.4,16.64,2022/07/09,19:09:42,-51.2216757,71.1414451,8.977,9
2022/07/11 01:46:05.5880,4,0,0,0,0,0,0,0,0,0,0,0,0,0,0,0,0,0,0,0,0,0,0,0,0,0,0,0,0,0,0,0,0,0,0,1004.75,15.48,30.4,16.57,2022/07/09,19:09:43,-51.221683,71.1414508,11.022,9
2022/07/11 01:46:05.6192,4.031,0,0,0,0,0,0,0,0,0,0,0,0,0,0,0,0,0,0,0,0,0,0,0,0,0,0,0,0,0,0,0,0,0,0,1004.64,15.5,30.4,16.51,2022/07/09,19:09:44,-51.2216921,71.1414521,11.884,9
2022/07/11 01:46:05.6505,4.062,0,0,0,0,0,0,0,0,0,0,0,0,0,0,0,0,0,0,0,0,0,0,0,0,0,0,0,0,0,0,0,0,0,0,1004.52,15.51,30.4,16.45,2022/07/09,19:09:45,-51.2216948,71.1414577,14.795,9
2022/07/11 01:46:05.6661,4.078,0,0,0,0,0,0,0,0,0,0,0,0,0,0,0,0,0,0,0,0,0,0,0,0,0,0,0,0,0,0,0,0,0,0,1004.49,15.83,30.4,16.47,2022/07/09,19:09:46,-51.2216935,71.1414617,16.407,9
2022/07/11 01:46:05.6973,4.109,0,0,0,0,0,0,0,0,0,0,0,0,0,0,0,0,0,0,0,0,0,0,0,0,0,0,0,0,0,0,0,0,0,0,1004.27,15.76,30.4,16.5,2022/07/09,19:09:47,-51.2216884,71.141466,19.187,9
2022/07/11 01:46:05.7286,4.141,0,0,0,0,0,0,0,0,0,0,0,0,0,0,0,0,0,0,0,0,0,0,0,0,0,0,0,0,0,0,0,0,0,0,1004.19,15.76,30.4,16.51,2022/07/09,19:09:48,-51.2216901,71.1414693,21.35,9
2022/07/11 01:46:05.7441,4.156,0,0,0,0,0,0,0,0,0,0,0,0,0,0,0,0,0,0,0,0,0,0,0,0,0,0,0,0,0,0,0,0,0,0,1004.04,15.64,30.4,16.49,2022/07/09,19:09:49,-51.2216933,71.1414699,21.489,9
2022/07/11 01:46:05.7755,4.188,0,0,0,0,0,0,0,0,0,0,0,0,0,0,0,0,0,0,0,0,0,0,0,0,0,0,0,0,0,0,0,0,0,0,1004.03,15.58,30.3,16.46,2022/07/09,19:09:50,-51.2216919,71.1414708,22.488,9
2022/07/11 01:46:05.8067,4.219,0,0,0,0,0,0,0,0,0,0,0,0,0,0,0,0,0,0,0,0,0,0,0,0,0,0,0,0,0,0,0,0,0,0,1003.8,15.69,30.4,16.47,2022/07/09,19:09:51,-51.2216904,71.1414696,22.912,9
2022/07/11 01:46:05.8223,4.234,0,0,0,0,0,0,0,0,0,0,0,0,0,0,0,0,0,0,0,0,0,0,0,0,0,0,0,0,0,0,0,0,0,0,1003.79,15.47,30.4,16.43,2022/07/09,19:09:52,-51.2216883,71.1414689,24.161,9
2022/07/11 01:46:05.8536,4.266,0,0,0,0,0,0,0,0,0,0,0,0,0,0,0,0,0,0,0,0,0,0,0,0,0,0,0,0,0,0,0,0,0,0,1003.65,15.44,30.4,16.4,2022/07/09,19:09:53,-51.2216928,71.1414653,24.062,9
2022/07/11 01:46:05.8848,4.297,0,0,0,0,0,0,0,0,0,0,0,0,0,0,0,0,0,0,0,0,0,0,0,0,0,0,0,0,0,0,0,0,0,0,1003.52,15.46,30.4,16.36,2022/07/09,19:09:54,-51.2216988,71.1414644,24.279,9
2022/07/11 01:46:05.9005,4.312,0,0,0,0,0,0,0,0,0,0,0,0,0,0,0,0,0,0,0,0,0,0,0,0,0,0,0,0,0,0,0,0,0,0,1003.36,15.37,30.4,16.35,2022/07/09,19:09:55,-51.2217,71.1414675,26.415,9
2022/07/11 01:46:05.9317,4.344,0,0,0,0,0,0,0,0,0,0,0,0,0,0,0,0,0,0,0,0,0,0,0,0,0,0,0,0,0,0,0,0,0,0,1003.26,15.53,30.4,16.32,2022/07/09,19:09:56,-51.2216956,71.1414703,28.667,9
2022/07/11 01:46:05.9630,4.375,0,0,0,0,0,0,0,0,0,0,0,0,0,0,0,0,0,0,0,0,0,0,0,0,0,0,0,0,0,0,0,0,0,0,1003.22,15.38,30.5,16.28,2022/07/09,19:09:57,-51.221683,71.1414723,30.711,9
2022/07/11 01:46:05.9786,4.391,0,0,0,0,0,0,0,0,0,0,0,0,0,0,0,0,0,0,0,0,0,0,0,0,0,0,0,0,0,0,0,0,0,0,1003.08,15.32,30.6,16.23,2022/07/09,19:09:58,-51.2216795,71.1414766,33.571,9
2022/07/11 01:46:06.0097,4.422,0,0,0,0,0,0,0,0,0,0,0,0,0,0,0,0,0,0,0,0,0,0,0,0,0,0,0,0,0,0,0,0,0,0,1003,15.23,30.7,16.18,2022/07/09,19:09:59,-51.2216769,71.1414791,35.731,9
2022/07/11 01:46:06.0411,4.453,0,0,0,0,0,0,0,0,0,0,0,0,0,0,0,0,0,0,0,0,0,0,0,0,0,0,0,0,0,0,0,0,0,0,1002.91,15.18,30.8,16.12,2022/07/09,19:10:00,-51.2216776,71.1414778,36.445,9
2022/07/11 01:46:06.0567,4.469,0,0,0,0,0,0,0,0,0,0,0,0,0,0,0,0,0,0,0,0,0,0,0,0,0,0,0,0,0,0,0,0,0,0,1002.8,15.19,30.8,16.07,2022/07/09,19:10:01,-51.2216893,71.1414738,34.65,9
2022/07/11 01:46:06.0880,4.5,0,0,0,0,0,0,0,0,0,0,0,0,0,0,0,0,0,0,0,0,0,0,0,0,0,0,0,0,0,0,0,0,0,0,1002.7,15.13,30.9,16,2022/07/09,19:10:02,-51.2216928,71.1414752,35.78,9
2022/07/11 01:46:06.1192,4.531,0,0,0,0,0,0,0,0,0,0,0,0,0,0,0,0,0,0,0,0,0,0,0,0,0,0,0,0,0,0,0,0,0,0,1002.64,15.15,30.9,15.99,2022/07/09,19:10:03,-51.2216867,71.1414732,36.328,9
2022/07/11 01:46:06.1347,4.547,0,0,0,0,0,0,0,0,0,0,0,0,0,0,0,0,0,0,0,0,0,0,0,0,0,0,0,0,0,0,0,0,0,0,1002.42,15.19,30.9,15.99,2022/07/09,19:10:04,-51.2216734,71.1414738,38.596,8
2022/07/11 01:46:06.1661,4.578,0,0,0,0,0,0,0,0,0,0,0,0,0,0,0,0,0,0,0,0,0,0,0,0,0,0,0,0,0,0,0,0,0,0,1002.21,15.05,31,15.96,2022/07/09,19:10:05,-51.2216586,71.1414735,40.111,8
2022/07/11 01:46:06.1817,4.594,0,0,0,0,0,0,0,0,0,0,0,0,0,0,0,0,0,0,0,0,0,0,0,0,0,0,0,0,0,0,0,0,0,0,1002.15,15.08,31,15.92,2022/07/09,19:10:06,-51.2216497,71.1414742,42.006,9
2022/07/11 01:46:06.2130,4.625,0,0,0,0,0,0,0,0,0,0,0,0,0,0,0,0,0,0,0,0,0,0,0,0,0,0,0,0,0,0,0,0,0,0,1002.01,15.28,31,15.94,2022/07/09,19:10:07,-51.2216418,71.1414741,42.035,9
2022/07/11 01:46:06.2441,4.656,0,0,0,0,0,0,0,0,0,0,0,0,0,0,0,0,0,0,0,0,0,0,0,0,0,0,0,0,0,0,0,0,0,0,1001.9,15.31,31.1,15.92,2022/07/09,19:10:08,-51.2216393,71.1414737,42.248,9
2022/07/11 01:46:06.2597,4.672,0,0,0,0,0,0,0,0,0,0,0,0,0,0,0,0,0,0,0,0,0,0,0,0,0,0,0,0,0,0,0,0,0,0,1001.91,15.32,31.1,15.95,2022/07/09,19:10:09,-51.2216291,71.1414755,43.237,8
2022/07/11 01:46:06.2911,4.703,0,0,0,0,0,0,0,0,0,0,0,0,0,0,0,0,0,0,0,0,0,0,0,0,0,0,0,0,0,0,0,0,0,0,1001.69,15.25,31.1,15.94,2022/07/09,19:10:10,-51.2216133,71.1414754,43.624,8
2022/07/11 01:46:06.3223,4.734,0,0,0,0,0,0,0,0,0,0,0,0,0,0,0,0,0,0,0,0,0,0,0,0,0,0,0,0,0,0,0,0,0,0,1001.67,15.38,31.1,15.95,2022/07/09,19:10:11,-51.2216046,71.1414788,44.769,9
2022/07/11 01:46:06.3380,4.75,0,0,0,0,0,0,0,0,0,0,0,0,0,0,0,0,0,0,0,0,0,0,0,0,0,0,0,0,0,0,0,0,0,0,1001.45,15.3,31.1,15.96,2022/07/09,19:10:12,-51.221609,71.1414853,48.724,8
2022/07/11 01:46:06.3692,4.781,0,0,0,0,0,0,0,0,0,0,0,0,0,0,0,0,0,0,0,0,0,0,0,0,0,0,0,0,0,0,0,0,0,0,1001.33,15.29,31.1,15.96,2022/07/09,19:10:13,-51.2216087,71.1414976,54.006,8
2022/07/11 01:46:06.4004,4.812,0,0,0,0,0,0,0,0,0,0,0,0,0,0,0,0,0,0,0,0,0,0,0,0,0,0,0,0,0,0,0,0,0,0,1001.25,15.28,31,15.96,2022/07/09,19:10:14,-51.221611,71.1414983,54.397,8
2022/07/11 01:46:06.4161,4.828,0,0,0,0,0,0,0,0,0,0,0,0,0,0,0,0,0,0,0,0,0,0,0,0,0,0,0,0,0,0,0,0,0,0,1001.19,15.25,30.9,15.99,2022/07/09,19:10:15,-51.2216024,71.1415073,60.09,8
2022/07/11 01:46:06.4473,4.859,0,0,0,0,0,0,0,0,0,0,0,0,0,0,0,0,0,0,0,0,0,0,0,0,0,0,0,0,0,0,0,0,0,0,1000.96,15.32,30.9,15.98,2022/07/09,19:10:16,-51.2216006,71.1415107,61.961,8
2022/07/11 01:46:06.4786,4.891,0,0,0,0,0,0,0,0,0,0,0,0,0,0,0,0,0,0,0,0,0,0,0,0,0,0,0,0,0,0,0,0,0,0,1000.92,15.2,30.8,15.96,2022/07/09,19:10:17,-51.2215971,71.1415116,64.237,8
2022/07/11 01:46:06.4941,4.906,0,0,0,0,0,0,0,0,0,0,0,0,0,0,0,0,0,0,0,0,0,0,0,0,0,0,0,0,0,0,0,0,0,0,1000.83,15.06,30.8,15.92,2022/07/09,19:10:18,-51.2215974,71.1415136,66.241,8
2022/07/11 01:46:06.5255,4.938,0,0,0,0,0,0,0,0,0,0,0,0,0,0,0,0,0,0,0,0,0,0,0,0,0,0,0,0,0,0,0,0,0,0,1000.71,15.05,30.7,15.89,2022/07/09,19:10:19,-51.2215944,71.141514,67.381,8
2022/07/11 01:46:06.5567,4.969,0,0,0,0,0,0,0,0,0,0,0,0,0,0,0,0,0,0,0,0,0,0,0,0,0,0,0,0,0,0,0,0,0,0,1000.55,15.11,30.7,15.85,2022/07/09,19:10:20,-51.2215862,71.1415159,69.111,8
2022/07/11 01:46:06.5723,4.984,0,0,0,0,0,0,0,0,0,0,0,0,0,0,0,0,0,0,0,0,0,0,0,0,0,0,0,0,0,0,0,0,0,0,1000.5,15.01,30.8,15.81,2022/07/09,19:10:21,-51.2215857,71.1415173,69.938,8
2022/07/11 01:46:06.6036,5.016,0,0,0,0,0,0,0,0,0,0,0,0,0,0,0,0,0,0,0,0,0,0,0,0,0,0,0,0,0,0,0,0,0,0,1000.4,15.01,30.8,15.8,2022/07/09,19:10:22,-51.2215783,71.1415175,71.258,8
2022/07/11 01:46:06.6348,5.047,0,0,0,0,0,0,0,0,0,0,0,0,0,0,0,0,0,0,0,0,0,0,0,0,0,0,0,0,0,0,0,0,0,0,1000.32,15.01,30.9,15.76,2022/07/09,19:10:23,-51.2215727,71.1415197,73.22,8
2022/07/11 01:46:06.6505,5.062,0,0,0,0,0,0,0,0,0,0,0,0,0,0,0,0,0,0,0,0,0,0,0,0,0,0,0,0,0,0,0,0,0,0,1000.21,14.96,31,15.73,2022/07/09,19:10:24,-51.2215775,71.1415223,74.035,8
2022/07/11 01:46:06.6817,5.094,0,0,0,0,0,0,0,0,0,0,0,0,0,0,0,0,0,0,0,0,0,0,0,0,0,0,0,0,0,0,0,0,0,0,1000.12,14.91,31.1,15.68,2022/07/09,19:10:25,-51.2215729,71.1415272,75.993,8
2022/07/11 01:46:06.7129,5.125,0,0,0,0,0,0,0,0,0,0,0,0,0,0,0,0,0,0,0,0,0,0,0,0,0,0,0,0,0,0,0,0,0,0,1000.07,15.01,31.1,15.66,2022/07/09,19:10:26,-51.2215676,71.1415241,74.893,8
2022/07/11 01:46:06.7286,5.141,0,0,0,0,0,0,0,0,0,0,0,0,0,0,0,0,0,0,0,0,0,0,0,0,0,0,0,0,0,0,0,0,0,0,1000,14.96,31.1,15.65,2022/07/09,19:10:27,-51.2215593,71.1415287,76.791,8
2022/07/11 01:46:06.7597,5.172,0,0,0,0,0,0,0,0,0,0,0,0,0,0,0,0,0,0,0,0,0,0,0,0,0,0,0,0,0,0,0,0,0,0,999.83,14.94,31.2,15.64,2022/07/09,19:10:28,-51.2215635,71.1415297,77.995,8
2022/07/11 01:46:06.7911,5.203,0,0,0,0,0,0,0,0,0,0,0,0,0,0,0,0,0,0,0,0,0,0,0,0,0,0,0,0,0,0,0,0,0,0,999.79,14.92,31.2,15.62,2022/07/09,19:10:29,-51.2215664,71.1415263,76.576,8
2022/07/11 01:46:06.8067,5.219,0,0,0,0,0,0,0,0,0,0,0,0,0,0,0,0,0,0,0,0,0,0,0,0,0,0,0,0,0,0,0,0,0,0,999.7,14.86,31.2,15.59,2022/07/09,19:10:30,-51.2215644,71.141534,80.054,8
2022/07/11 01:46:06.8380,5.25,0,0,0,0,0,0,0,0,0,0,0,0,0,0,0,0,0,0,0,0,0,0,0,0,0,0,0,0,0,0,0,0,0,0,999.64,14.92,31.2,15.58,2022/07/09,19:10:31,-51.2215635,71.1415451,83.115,9
2022/07/11 01:46:06.8536,5.266,0,0,0,0,0,0,0,0,0,0,0,0,0,0,0,0,0,0,0,0,0,0,0,0,0,0,0,0,0,0,0,0,0,0,999.49,14.94,31.2,15.57,2022/07/09,19:10:32,-51.2215656,71.1415476,84.833,9
2022/07/11 01:46:06.8848,5.297,0,0,0,0,0,0,0,0,0,0,0,0,0,0,0,0,0,0,0,0,0,0,0,0,0,0,0,0,0,0,0,0,0,0,999.38,14.95,31.2,15.57,2022/07/09,19:10:33,-51.2215554,71.1415636,91.187,9
2022/07/11 01:46:06.9161,5.328,0,0,0,0,0,0,0,0,0,0,0,0,0,0,0,0,0,0,0,0,0,0,0,0,0,0,0,0,0,0,0,0,0,0,999.28,14.94,31.3,15.54,2022/07/09,19:10:34,-51.2215505,71.1415706,92.964,9
2022/07/11 01:46:06.9317,5.344,0,0,0,0,0,0,0,0,0,0,0,0,0,0,0,0,0,0,0,0,0,0,0,0,0,0,0,0,0,0,0,0,0,0,999.15,14.89,31.3,15.53,2022/07/09,19:10:35,-51.2215503,71.1415625,90.755,8
2022/07/11 01:46:06.9629,5.375,0,0,0,0,0,0,0,0,0,0,0,0,0,0,0,0,0,0,0,0,0,0,0,0,0,0,0,0,0,0,0,0,0,0,999.05,14.9,31.4,15.51,2022/07/09,19:10:36,-51.2215476,71.1415593,90.626,8
2022/07/11 01:46:06.9941,5.406,0,0,0,0,0,0,0,0,0,0,0,0,0,0,0,0,0,0,0,0,0,0,0,0,0,0,0,0,0,0,0,0,0,0,998.94,14.88,31.4,15.51,2022/07/09,19:10:37,-51.221539,71.1415673,94.205,8
2022/07/11 01:46:07.0097,5.422,0,0,0,0,0,0,0,0,0,0,0,0,0,0,0,0,0,0,0,0,0,0,0,0,0,0,0,0,0,0,0,0,0,0,998.78,14.85,31.4,15.53,2022/07/09,19:10:38,-51.221538,71.1415639,94.167,7
2022/07/11 01:46:07.0411,5.453,0,0,0,0,0,0,0,0,0,0,0,0,0,0,0,0,0,0,0,0,0,0,0,0,0,0,0,0,0,0,0,0,0,0,998.62,14.85,31.4,15.54,2022/07/09,19:10:39,-51.2215318,71.1415646,96.472,8
2022/07/11 01:46:07.0724,5.484,0,0,0,0,0,0,0,0,0,0,0,0,0,0,0,0,0,0,0,0,0,0,0,0,0,0,0,0,0,0,0,0,0,0,998.53,14.85,31.4,15.53,2022/07/09,19:10:40,-51.2215365,71.1415525,92.974,7
2022/07/11 01:46:07.0880,5.5,0,0,0,0,0,0,0,0,0,0,0,0,0,0,0,0,0,0,0,0,0,0,0,0,0,0,0,0,0,0,0,0,0,0,998.43,14.83,31.4,15.53,2022/07/09,19:10:41,-51.2215321,71.1415669,100.16,8
2022/07/11 01:46:07.1191,5.531,0,0,0,0,0,0,0,0,0,0,0,0,0,0,0,0,0,0,0,0,0,0,0,0,0,0,0,0,0,0,0,0,0,0,998.27,14.85,31.4,15.54,2022/07/09,19:10:42,-51.2215393,71.1415658,100.892,7
2022/07/11 01:46:07.1505,5.562,0,0,0,0,0,0,0,0,0,0,0,0,0,0,0,0,0,0,0,0,0,0,0,0,0,0,0,0,0,0,0,0,0,0,998.18,14.81,31.3,15.54,2022/07/09,19:10:43,-51.2215284,71.1415864,110.313,8
2022/07/11 01:46:07.1661,5.578,0,0,0,0,0,0,0,0,0,0,0,0,0,0,0,0,0,0,0,0,0,0,0,0,0,0,0,0,0,0,0,0,0,0,998.01,14.88,31.3,15.54,2022/07/09,19:10:44,-51.2215206,71.1416022,117.173,8
2022/07/11 01:46:07.1973,5.609,0,0,0,0,0,0,0,0,0,0,0,0,0,0,0,0,0,0,0,0,0,0,0,0,0,0,0,0,0,0,0,0,0,0,997.86,14.84,31.3,15.55,2022/07/09,19:10:45,-51.221504,71.1416129,122.318,8
2022/07/11 01:46:07.2286,5.641,0,0,0,0,0,0,0,0,0,0,0,0,0,0,0,0,0,0,0,0,0,0,0,0,0,0,0,0,0,0,0,0,0,0,997.71,14.82,31.2,15.55,2022/07/09,19:10:46,-51.2214939,71.141619,125.959,8
2022/07/11 01:46:07.2441,5.656,0,0,0,0,0,0,0,0,0,0,0,0,0,0,0,0,0,0,0,0,0,0,0,0,0,0,0,0,0,0,0,0,0,0,997.57,14.8,31.2,15.54,2022/07/09,19:10:47,-51.2214926,71.1416157,126.054,7
2022/07/11 01:46:07.2755,5.688,0,0,0,0,0,0,0,0,0,0,0,0,0,0,0,0,0,0,0,0,0,0,0,0,0,0,0,0,0,0,0,0,0,0,997.42,14.8,31.1,15.53,2022/07/09,19:10:48,-51.2214899,71.1416133,126.626,7
2022/07/11 01:46:07.3067,5.719,0,0,0,0,0,0,0,0,0,0,0,0,0,0,0,0,0,0,0,0,0,0,0,0,0,0,0,0,0,0,0,0,0,0,997.27,14.74,31.2,15.53,2022/07/09,19:10:49,-51.221481,71.1416225,132.23,8
2022/07/11 01:46:07.3223,5.734,0,0,0,0,0,0,0,0,0,0,0,0,0,0,0,0,0,0,0,0,0,0,0,0,0,0,0,0,0,0,0,0,0,0,997.1,14.69,31.2,15.5,2022/07/09,19:10:50,-51.2214742,71.1416305,135.931,8
2022/07/11 01:46:07.3536,5.766,0,0,0,0,0,0,0,0,0,0,0,0,0,0,0,0,0,0,0,0,0,0,0,0,0,0,0,0,0,0,0,0,0,0,996.94,14.64,31.2,15.47,2022/07/09,19:10:51,-51.2214692,71.1416267,135.626,7
2022/07/11 01:46:07.3848,5.797,0,0,0,0,0,0,0,0,0,0,0,0,0,0,0,0,0,0,0,0,0,0,0,0,0,0,0,0,0,0,0,0,0,0,996.86,14.51,31.3,15.42,2022/07/09,19:10:52,-51.2214708,71.1416201,134.579,7
2022/07/11 01:46:07.4005,5.812,0,0,0,0,0,0,0,0,0,0,0,0,0,0,0,0,0,0,0,0,0,0,0,0,0,0,0,0,0,0,0,0,0,0,996.74,14.52,31.4,15.39,2022/07/09,19:10:53,-51.2214724,71.1416124,134.645,7
2022/07/11 01:46:07.4317,5.844,0,0,0,0,0,0,0,0,0,0,0,0,0,0,0,0,0,0,0,0,0,0,0,0,0,0,0,0,0,0,0,0,0,0,996.59,14.6,31.4,15.37,2022/07/09,19:10:54,-51.2214712,71.141606,134.141,7
2022/07/11 01:46:07.4629,5.875,0,0,0,0,0,0,0,0,0,0,0,0,0,0,0,0,0,0,0,0,0,0,0,0,0,0,0,0,0,0,0,0,0,0,996.49,14.65,31.5,15.36,2022/07/09,19:10:55,-51.2214721,71.1416045,135.256,7
2022/07/11 01:46:07.4785,5.891,0,0,0,0,0,0,0,0,0,0,0,0,0,0,0,0,0,0,0,0,0,0,0,0,0,0,0,0,0,0,0,0,0,0,996.33,14.58,31.6,15.33,2022/07/09,19:10:56,-51.2214739,71.1415994,135.367,7
2022/07/11 01:46:07.5097,5.922,0,0,0,0,0,0,0,0,0,0,0,0,0,0,0,0,0,0,0,0,0,0,0,0,0,0,0,0,0,0,0,0,0,0,996.14,14.59,31.7,15.33,2022/07/09,19:10:57,-51.2214759,71.1416002,137.654,7
2022/07/11 01:46:07.5411,5.953,0,0,0,0,0,0,0,0,0,0,0,0,0,0,0,0,0,0,0,0,0,0,0,0,0,0,0,0,0,0,0,0,0,0,996,14.53,31.8,15.31,2022/07/09,19:10:58,-51.2214801,71.1416016,139.216,7
2022/07/11 01:46:07.5567,5.969,0,0,0,0,0,0,0,0,0,0,0,0,0,0,0,0,0,0,0,0,0,0,0,0,0,0,0,0,0,0,0,0,0,0,995.91,14.47,31.8,15.28,2022/07/09,19:10:59,-51.2214646,71.1416146,144.662,8
2022/07/11 01:46:07.5722,5.984,0,0,0,0,0,0,0,0,0,0,0,0,0,0,0,0,0,0,0,0,0,0,0,0,0,0,0,0,0,0,0,0,0,0,995.79,14.47,31.9,15.26,2022/07/09,19:11:00,-51.2214525,71.1416309,151.806,8
2022/07/11 01:46:07.6036,6.016,0,0,0,0,0,0,0,0,0,0,0,0,0,0,0,0,0,0,0,0,0,0,0,0,0,0,0,0,0,0,0,0,0,0,995.69,14.44,32,15.24,2022/07/09,19:11:01,-51.2214444,71.1416285,151.967,7
2022/07/11 01:46:07.6348,6.047,0,0,0,0,0,0,0,0,0,0,0,0,0,0,0,0,0,0,0,0,0,0,0,0,0,0,0,0,0,0,0,0,0,0,995.62,14.46,32.1,15.19,2022/07/09,19:11:02,-51.2214411,71.1416279,153.563,7
2022/07/11 01:46:07.6661,6.078,0,0,0,0,0,0,0,0,0,0,0,0,0,0,0,0,0,0,0,0,0,0,0,0,0,0,0,0,0,0,0,0,0,0,995.48,14.45,32.1,15.14,2022/07/09,19:11:03,-51.2214386,71.1416245,154.403,7
2022/07/11 01:46:07.6817,6.094,0,0,0,0,0,0,0,0,0,0,0,0,0,0,0,0,0,0,0,0,0,0,0,0,0,0,0,0,0,0,0,0,0,0,995.37,14.4,32.2,15.13,2022/07/09,19:11:04,-51.2214201,71.1416425,162.774,8
2022/07/11 01:46:07.7129,6.125,0,0,0,0,0,0,0,0,0,0,0,0,0,0,0,0,0,0,0,0,0,0,0,0,0,0,0,0,0,0,0,0,0,0,995.22,14.41,32.3,15.12,2022/07/09,19:11:05,-51.2214133,71.1416443,163.523,8
2022/07/11 01:46:07.7441,6.156,0,0,0,0,0,0,0,0,0,0,0,0,0,0,0,0,0,0,0,0,0,0,0,0,0,0,0,0,0,0,0,0,0,0,995.13,14.43,32.3,15.07,2022/07/09,19:11:06,-51.2214125,71.141639,162.397,8
2022/07/11 01:46:07.7597,6.172,0,0,0,0,0,0,0,0,0,0,0,0,0,0,0,0,0,0,0,0,0,0,0,0,0,0,0,0,0,0,0,0,0,0,994.97,14.48,32.4,15.1,2022/07/09,19:11:07,-51.2214048,71.1416335,162.512,8
2022/07/11 01:46:07.7911,6.203,0,0,0,0,0,0,0,0,0,0,0,0,0,0,0,0,0,0,0,0,0,0,0,0,0,0,0,0,0,0,0,0,0,0,994.88,14.45,32.4,15.07,2022/07/09,19:11:08,-51.2213976,71.141627,160.975,8
2022/07/11 01:46:07.8223,6.234,0,0,0,0,0,0,0,0,0,0,0,0,0,0,0,0,0,0,0,0,0,0,0,0,0,0,0,0,0,0,0,0,0,0,994.79,14.4,32.5,15.06,2022/07/09,19:11:09,-51.221404,71.1416201,160.011,8
2022/07/11 01:46:07.8380,6.25,0,0,0,0,0,0,0,0,0,0,0,0,0,0,0,0,0,0,0,0,0,0,0,0,0,0,0,0,0,0,0,0,0,0,994.66,14.32,32.5,15.03,2022/07/09,19:11:10,-51.2214063,71.141614,158.728,8
2022/07/11 01:46:07.8692,6.281,0,0,0,0,0,0,0,0,0,0,0,0,0,0,0,0,0,0,0,0,0,0,0,0,0,0,0,0,0,0,0,0,0,0,994.51,14.31,32.6,15.05,2022/07/09,19:11:11,-51.2214019,71.1416104,158.417,8
2022/07/11 01:46:07.9005,6.312,0,0,0,0,0,0,0,0,0,0,0,0,0,0,0,0,0,0,0,0,0,0,0,0,0,0,0,0,0,0,0,0,0,0,994.43,14.33,32.6,15.02,2022/07/09,19:11:12,-51.2213926,71.1416083,158.642,8
2022/07/11 01:46:07.9161,6.328,0,0,0,0,0,0,0,0,0,0,0,0,0,0,0,0,0,0,0,0,0,0,0,0,0,0,0,0,0,0,0,0,0,0,994.14,14.3,32.6,15.01,2022/07/09,19:11:13,-51.2213891,71.1416037,158.821,8
2022/07/11 01:46:07.9473,6.359,0,0,0,0,0,0,0,0,0,0,0,0,0,0,0,0,0,0,0,0,0,0,0,0,0,0,0,0,0,0,0,0,0,0,994.06,14.2,32.8,14.99,2022/07/09,19:11:14,-51.2213892,71.1415976,159.103,8
2022/07/11 01:46:07.9786,6.391,0,0,0,0,0,0,0,0,0,0,0,0,0,0,0,0,0,0,0,0,0,0,0,0,0,0,0,0,0,0,0,0,0,0,993.93,14.2,32.9,14.95,2022/07/09,19:11:15,-51.2213937,71.1415899,158.763,8
2022/07/11 01:46:07.9941,6.406,0,0,0,0,0,0,0,0,0,0,0,0,0,0,0,0,0,0,0,0,0,0,0,0,0,0,0,0,0,0,0,0,0,0,993.9,14.29,32.9,14.95,2022/07/09,19:11:16,-51.2214006,71.1415836,158.401,8
2022/07/11 01:46:08.0255,6.438,0,0,0,0,0,0,0,0,0,0,0,0,0,0,0,0,0,0,0,0,0,0,0,0,0,0,0,0,0,0,0,0,0,0,993.76,14.33,33,14.95,2022/07/09,19:11:17,-51.2214009,71.1415817,159.223,8
2022/07/11 01:46:08.0567,6.469,0,0,0,0,0,0,0,0,0,0,0,0,0,0,0,0,0,0,0,0,0,0,0,0,0,0,0,0,0,0,0,0,0,0,993.64,14.35,33,14.95,2022/07/09,19:11:18,-51.2213982,71.1415837,160.925,8
2022/07/11 01:46:08.0723,6.484,0,0,0,0,0,0,0,0,0,0,0,0,0,0,0,0,0,0,0,0,0,0,0,0,0,0,0,0,0,0,0,0,0,0,993.52,14.36,33,14.95,2022/07/09,19:11:19,-51.2213983,71.1415797,160.544,9
2022/07/11 01:46:08.1036,6.516,0,0,0,0,0,0,0,0,0,0,0,0,0,0,0,0,0,0,0,0,0,0,0,0,0,0,0,0,0,0,0,0,0,0,993.42,14.31,33,14.95,2022/07/09,19:11:20,-51.2214049,71.1415705,158.3,9
2022/07/11 01:46:08.1348,6.547,0,0,0,0,0,0,0,0,0,0,0,0,0,0,0,0,0,0,0,0,0,0,0,0,0,0,0,0,0,0,0,0,0,0,993.38,14.42,33,14.96,2022/07/09,19:11:21,-51.2214084,71.1415651,158.128,9
2022/07/11 01:46:08.1505,6.562,0,0,0,0,0,0,0,0,0,0,0,0,0,0,0,0,0,0,0,0,0,0,0,0,0,0,0,0,0,0,0,0,0,0,993.21,14.4,32.9,14.95,2022/07/09,19:11:22,-51.2214132,71.1415613,158.852,9
2022/07/11 01:46:08.1817,6.594,0,0,0,0,0,0,0,0,0,0,0,0,0,0,0,0,0,0,0,0,0,0,0,0,0,0,0,0,0,0,0,0,0,0,993.12,14.43,32.9,14.95,2022/07/09,19:11:23,-51.221418,71.1415574,158.404,9
2022/07/11 01:46:08.2130,6.625,0,0,0,0,0,0,0,0,0,0,0,0,0,0,0,0,0,0,0,0,0,0,0,0,0,0,0,0,0,0,0,0,0,0,993.01,14.5,32.9,14.95,2022/07/09,19:11:24,-51.221417,71.1415541,158.257,9
2022/07/11 01:46:08.2286,6.641,0,0,0,0,0,0,0,0,0,0,0,0,0,0,0,0,0,0,0,0,0,0,0,0,0,0,0,0,0,0,0,0,0,0,992.88,14.51,32.9,14.96,2022/07/09,19:11:25,-51.2214187,71.1415502,157.543,9
2022/07/11 01:46:08.2599,6.672,0,0,0,0,0,0,0,0,0,0,0,0,0,0,0,0,0,0,0,0,0,0,0,0,0,0,0,0,0,0,0,0,0,0,992.78,14.45,32.8,15.01,2022/07/09,19:11:26,-51.2214199,71.1415464,157.437,9
2022/07/11 01:46:08.2911,6.703,0,0,0,0,0,0,0,0,0,0,0,0,0,0,0,0,0,0,0,0,0,0,0,0,0,0,0,0,0,0,0,0,0,0,992.7,14.52,32.8,15.01,2022/07/09,19:11:27,-51.221423,71.1415426,156.758,9
2022/07/11 01:46:08.3067,6.719,0,0,0,0,0,0,0,0,0,0,0,0,0,0,0,0,0,0,0,0,0,0,0,0,0,0,0,0,0,0,0,0,0,0,992.52,14.53,32.7,15.01,2022/07/09,19:11:28,-51.2214268,71.1415368,156.326,9
2022/07/11 01:46:08.3380,6.75,0,0,0,0,0,0,0,0,0,0,0,0,0,0,0,0,0,0,0,0,0,0,0,0,0,0,0,0,0,0,0,0,0,0,992.42,14.6,32.8,15.02,2022/07/09,19:11:29,-51.2214304,71.1415347,157.089,9
2022/07/11 01:46:08.3536,6.766,0,0,0,0,0,0,0,0,0,0,0,0,0,0,0,0,0,0,0,0,0,0,0,0,0,0,0,0,0,0,0,0,0,0,992.29,14.6,32.9,15.03,2022/07/09,19:11:30,-51.221436,71.1415328,157.134,9
2022/07/11 01:46:08.3848,6.797,0,0,0,0,0,0,0,0,0,0,0,0,0,0,0,0,0,0,0,0,0,0,0,0,0,0,0,0,0,0,0,0,0,0,992.14,14.58,32.9,15.02,2022/07/09,19:11:31,-51.2214387,71.1415312,157.944,9
2022/07/11 01:46:08.4161,6.828,0,0,0,0,0,0,0,0,0,0,0,0,0,0,0,0,0,0,0,0,0,0,0,0,0,0,0,0,0,0,0,0,0,0,991.93,14.56,33,15.02,2022/07/09,19:11:32,-51.2214377,71.14153,158.685,9
2022/07/11 01:46:08.4316,6.844,0,0,0,0,0,0,0,0,0,0,0,0,0,0,0,0,0,0,0,0,0,0,0,0,0,0,0,0,0,0,0,0,0,0,991.74,14.56,33,15.02,2022/07/09,19:11:33,-51.2214347,71.1415297,159.974,9
2022/07/11 01:46:08.4629,6.875,0,0,0,0,0,0,0,0,0,0,0,0,0,0,0,0,0,0,0,0,0,0,0,0,0,0,0,0,0,0,0,0,0,0,991.61,14.54,33,15.03,2022/07/09,19:11:34,-51.221433,71.1415274,160.885,9
2022/07/11 01:46:08.4941,6.906,0,0,0,0,0,0,0,0,0,0,0,0,0,0,0,0,0,0,0,0,0,0,0,0,0,0,0,0,0,0,0,0,0,0,991.48,14.51,33,15.02,2022/07/09,19:11:35,-51.2214353,71.1415241,161.038,9
2022/07/11 01:46:08.5098,6.922,0,0,0,0,0,0,0,0,0,0,0,0,0,0,0,0,0,0,0,0,0,0,0,0,0,0,0,0,0,0,0,0,0,0,991.28,14.49,33,14.99,2022/07/09,19:11:36,-51.2214325,71.1415231,162.775,9
2022/07/11 01:46:08.5411,6.953,0,0,0,0,0,0,0,0,0,0,0,0,0,0,0,0,0,0,0,0,0,0,0,0,0,0,0,0,0,0,0,0,0,0,991.14,14.53,33,14.98,2022/07/09,19:11:37,-51.2214329,71.1415207,163.53,9
2022/07/11 01:46:08.5723,6.984,0,0,0,0,0,0,0,0,0,0,0,0,0,0,0,0,0,0,0,0,0,0,0,0,0,0,0,0,0,0,0,0,0,0,991.14,14.49,33,14.98,2022/07/09,19:11:38,-51.221429,71.1415188,164.283,9
2022/07/11 01:46:08.5880,7,0,0,0,0,0,0,0,0,0,0,0,0,0,0,0,0,0,0,0,0,0,0,0,0,0,0,0,0,0,0,0,0,0,0,990.98,14.46,33,14.95,2022/07/09,19:11:39,-51.2214299,71.1415186,165.47,9
2022/07/11 01:46:08.6192,7.031,0,0,0,0,0,0,0,0,0,0,0,0,0,0,0,0,0,0,0,0,0,0,0,0,0,0,0,0,0,0,0,0,0,0,990.94,14.46,33,14.95,2022/07/09,19:11:40,-51.221433,71.1415176,166.17,9
2022/07/11 01:46:08.6505,7.062,0,0,0,0,0,0,0,0,0,0,0,0,0,0,0,0,0,0,0,0,0,0,0,0,0,0,0,0,0,0,0,0,0,0,990.75,14.47,33,14.95,2022/07/09,19:11:41,-51.2214364,71.1415165,166.987,9
2022/07/11 01:46:08.6661,7.078,0,0,0,0,0,0,0,0,0,0,0,0,0,0,0,0,0,0,0,0,0,0,0,0,0,0,0,0,0,0,0,0,0,0,990.63,14.46,33,14.95,2022/07/09,19:11:42,-51.221438,71.1415141,167.794,9
2022/07/11 01:46:08.6973,7.109,0,0,0,0,0,0,0,0,0,0,0,0,0,0,0,0,0,0,0,0,0,0,0,0,0,0,0,0,0,0,0,0,0,0,990.58,14.33,32.9,14.94,2022/07/09,19:11:43,-51.2214396,71.14151,168.172,9
2022/07/11 01:46:08.7286,7.141,0,0,0,0,0,0,0,0,0,0,0,0,0,0,0,0,0,0,0,0,0,0,0,0,0,0,0,0,0,0,0,0,0,0,990.46,14.27,32.7,14.94,2022/07/09,19:11:44,-51.2214373,71.1415089,169.666,9
2022/07/11 01:46:08.7441,7.156,0,0,0,0,0,0,0,0,0,0,0,0,0,0,0,0,0,0,0,0,0,0,0,0,0,0,0,0,0,0,0,0,0,0,990.33,14.28,32.7,14.91,2022/07/09,19:11:45,-51.2214365,71.141509,171.015,9
2022/07/11 01:46:08.7755,7.187,0,0,0,0,0,0,0,0,0,0,0,0,0,0,0,0,0,0,0,0,0,0,0,0,0,0,0,0,0,0,0,0,0,0,990.18,14.32,32.7,14.91,2022/07/09,19:11:46,-51.2214339,71.1415098,172.632,9
2022/07/11 01:46:08.8067,7.219,0,0,0,0,0,0,0,0,0,0,0,0,0,0,0,0,0,0,0,0,0,0,0,0,0,0,0,0,0,0,0,0,0,0,990.06,14.29,32.7,14.91,2022/07/09,19:11:47,-51.2214327,71.14151,174.23,9
2022/07/11 01:46:08.8223,7.234,0,0,0,0,0,0,0,0,0,0,0,0,0,0,0,0,0,0,0,0,0,0,0,0,0,0,0,0,0,0,0,0,0,0,990.01,14.18,32.6,14.88,2022/07/09,19:11:48,-51.2214339,71.1415093,175.418,9
2022/07/11 01:46:08.8536,7.266,0,0,0,0,0,0,0,0,0,0,0,0,0,0,0,0,0,0,0,0,0,0,0,0,0,0,0,0,0,0,0,0,0,0,989.8,14.17,32.6,14.87,2022/07/09,19:11:49,-51.2214331,71.1415107,177.247,9
2022/07/11 01:46:08.8849,7.297,0,0,0,0,0,0,0,0,0,0,0,0,0,0,0,0,0,0,0,0,0,0,0,0,0,0,0,0,0,0,0,0,0,0,989.64,14.2,32.7,14.85,2022/07/09,19:11:50,-51.2214303,71.1415143,179.711,9
2022/07/11 01:46:08.9005,7.312,0,0,0,0,0,0,0,0,0,0,0,0,0,0,0,0,0,0,0,0,0,0,0,0,0,0,0,0,0,0,0,0,0,0,989.42,14.27,32.7,14.8,2022/07/09,19:11:51,-51.2214278,71.1415172,181.426,9
2022/07/11 01:46:08.9317,7.344,0,0,0,0,0,0,0,0,0,0,0,0,0,0,0,0,0,0,0,0,0,0,0,0,0,0,0,0,0,0,0,0,0,0,989.25,14.23,32.8,14.83,2022/07/09,19:11:52,-51.2214271,71.1415169,182.703,9
2022/07/11 01:46:08.9629,7.375,0,0,0,0,0,0,0,0,0,0,0,0,0,0,0,0,0,0,0,0,0,0,0,0,0,0,0,0,0,0,0,0,0,0,989.2,14.26,32.9,14.81,2022/07/09,19:11:53,-51.2214296,71.141516,184.012,9
2022/07/11 01:46:08.9785,7.391,0,0,0,0,0,0,0,0,0,0,0,0,0,0,0,0,0,0,0,0,0,0,0,0,0,0,0,0,0,0,0,0,0,0,989.07,14.19,32.9,14.79,2022/07/09,19:11:54,-51.2214301,71.141514,185.119,9
2022/07/11 01:46:09.0098,7.422,0,0,0,0,0,0,0,0,0,0,0,0,0,0,0,0,0,0,0,0,0,0,0,0,0,0,0,0,0,0,0,0,0,0,988.89,14.1,33,14.76,2022/07/09,19:11:55,-51.2214305,71.1415123,186.273,9
2022/07/11 01:46:09.0411,7.453,0,0,0,0,0,0,0,0,0,0,0,0,0,0,0,0,0,0,0,0,0,0,0,0,0,0,0,0,0,0,0,0,0,0,988.68,14.11,33,14.72,2022/07/09,19:11:56,-51.2214282,71.1415107,187.46,9
2022/07/11 01:46:09.0567,7.469,0,0,0,0,0,0,0,0,0,0,0,0,0,0,0,0,0,0,0,0,0,0,0,0,0,0,0,0,0,0,0,0,0,0,988.53,14.12,33,14.69,2022/07/09,19:11:57,-51.221426,71.1415099,188.795,9
2022/07/11 01:46:09.0880,7.5,0,0,0,0,0,0,0,0,0,0,0,0,0,0,0,0,0,0,0,0,0,0,0,0,0,0,0,0,0,0,0,0,0,0,988.36,14.06,33,14.66,2022/07/09,19:11:58,-51.2214248,71.14151,190.216,9
2022/07/11 01:46:09.1036,7.516,0,0,0,0,0,0,0,0,0,0,0,0,0,0,0,0,0,0,0,0,0,0,0,0,0,0,0,0,0,0,0,0,0,0,988.27,14.1,33,14.65,2022/07/09,19:11:59,-51.2214221,71.1415101,191.632,9
2022/07/11 01:46:09.1348,7.547,0,0,0,0,0,0,0,0,0,0,0,0,0,0,0,0,0,0,0,0,0,0,0,0,0,0,0,0,0,0,0,0,0,0,988.09,14.1,32.9,14.63,2022/07/09,19:12:00,-51.2214231,71.1415091,192.841,9
2022/07/11 01:46:09.1661,7.578,0,0,0,0,0,0,0,0,0,0,0,0,0,0,0,0,0,0,0,0,0,0,0,0,0,0,0,0,0,0,0,0,0,0,987.99,14.18,32.8,14.66,2022/07/09,19:12:01,-51.2214176,71.1415089,194.898,9
2022/07/11 01:46:09.1817,7.594,0,0,0,0,0,0,0,0,0,0,0,0,0,0,0,0,0,0,0,0,0,0,0,0,0,0,0,0,0,0,0,0,0,0,987.83,14.15,32.8,14.66,2022/07/09,19:12:02,-51.2214165,71.1415063,195.569,9
2022/07/11 01:46:09.2129,7.625,0,0,0,0,0,0,0,0,0,0,0,0,0,0,0,0,0,0,0,0,0,0,0,0,0,0,0,0,0,0,0,0,0,0,987.69,14.13,32.8,14.66,2022/07/09,19:12:03,-51.221415,71.1415055,197.009,9
2022/07/11 01:46:09.2441,7.656,0,0,0,0,0,0,0,0,0,0,0,0,0,0,0,0,0,0,0,0,0,0,0,0,0,0,0,0,0,0,0,0,0,0,987.52,14.11,32.8,14.66,2022/07/09,19:12:04,-51.2214154,71.1415048,198.25,9
2022/07/11 01:46:09.2598,7.672,0,0,0,0,0,0,0,0,0,0,0,0,0,0,0,0,0,0,0,0,0,0,0,0,0,0,0,0,0,0,0,0,0,0,987.3,14.07,32.8,14.63,2022/07/09,19:12:05,-51.2214152,71.1415044,199.414,9
2022/07/11 01:46:09.2911,7.703,0,0,0,0,0,0,0,0,0,0,0,0,0,0,0,0,0,0,0,0,0,0,0,0,0,0,0,0,0,0,0,0,0,0,987.26,14,32.8,14.63,2022/07/09,19:12:06,-51.2214305,71.1415011,197.207,10
2022/07/11 01:46:09.3223,7.734,0,0,0,0,0,0,0,0,0,0,0,0,0,0,0,0,0,0,0,0,0,0,0,0,0,0,0,0,0,0,0,0,0,0,987,14,32.8,14.65,2022/07/09,19:12:07,-51.2214484,71.1414995,195.191,10
2022/07/11 01:46:09.3380,7.75,0,0,0,0,0,0,0,0,0,0,0,0,0,0,0,0,0,0,0,0,0,0,0,0,0,0,0,0,0,0,0,0,0,0,986.86,14.04,32.9,14.65,2022/07/09,19:12:08,-51.2214606,71.1414984,194.371,10
2022/07/11 01:46:09.3692,7.781,0,0,0,0,0,0,0,0,0,0,0,0,0,0,0,0,0,0,0,0,0,0,0,0,0,0,0,0,0,0,0,0,0,0,986.54,14.02,32.9,14.65,2022/07/09,19:12:09,-51.2214666,71.1414972,194.485,10
2022/07/11 01:46:09.4005,7.812,0,0,0,0,0,0,0,0,0,0,0,0,0,0,0,0,0,0,0,0,0,0,0,0,0,0,0,0,0,0,0,0,0,0,986.54,13.96,33,14.65,2022/07/09,19:12:10,-51.2214774,71.1414943,193.332,10
2022/07/11 01:46:09.4161,7.828,0,0,0,0,0,0,0,0,0,0,0,0,0,0,0,0,0,0,0,0,0,0,0,0,0,0,0,0,0,0,0,0,0,0,986.36,13.92,33.1,14.65,2022/07/09,19:12:11,-51.2214842,71.1414928,193.116,10
2022/07/11 01:46:09.4472,7.859,0,0,0,0,0,0,0,0,0,0,0,0,0,0,0,0,0,0,0,0,0,0,0,0,0,0,0,0,0,0,0,0,0,0,986.28,13.99,33,14.66,2022/07/09,19:12:12,-51.2214895,71.1414907,192.713,10
2022/07/11 01:46:09.4786,7.891,0,0,0,0,0,0,0,0,0,0,0,0,0,0,0,0,0,0,0,0,0,0,0,0,0,0,0,0,0,0,0,0,0,0,986.17,14.02,33,14.69,2022/07/09,19:12:13,-51.2214937,71.141489,193.107,10
2022/07/11 01:46:09.4941,7.906,0,0,0,0,0,0,0,0,0,0,0,0,0,0,0,0,0,0,0,0,0,0,0,0,0,0,0,0,0,0,0,0,0,0,986,13.99,33,14.67,2022/07/09,19:12:14,-51.2214977,71.1414885,194.101,10
2022/07/11 01:46:09.5255,7.938,0,0,0,0,0,0,0,0,0,0,0,0,0,0,0,0,0,0,0,0,0,0,0,0,0,0,0,0,0,0,0,0,0,0,985.85,13.97,33,14.67,2022/07/09,19:12:15,-51.2215006,71.141487,194.857,10
2022/07/11 01:46:09.5567,7.969,0,0,0,0,0,0,0,0,0,0,0,0,0,0,0,0,0,0,0,0,0,0,0,0,0,0,0,0,0,0,0,0,0,0,985.76,13.95,33,14.66,2022/07/09,19:12:16,-51.2215026,71.1414848,195.469,10
2022/07/11 01:46:09.5723,7.984,0,0,0,0,0,0,0,0,0,0,0,0,0,0,0,0,0,0,0,0,0,0,0,0,0,0,0,0,0,0,0,0,0,0,985.46,13.9,33,14.63,2022/07/09,19:12:17,-51.2215046,71.1414829,196.034,10
2022/07/11 01:46:09.6036,8.016,0,0,0,0,0,0,0,0,0,0,0,0,0,0,0,0,0,0,0,0,0,0,0,0,0,0,0,0,0,0,0,0,0,0,985.33,13.88,33.1,14.62,2022/07/09,19:12:18,-51.2215108,71.1414827,197.05,10
2022/07/11 01:46:09.6348,8.047,0,0,0,0,0,0,0,0,0,0,0,0,0,0,0,0,0,0,0,0,0,0,0,0,0,0,0,0,0,0,0,0,0,0,985.18,13.92,33.2,14.59,2022/07/09,19:12:19,-51.2215196,71.1414798,196.8,10
2022/07/11 01:46:09.6505,8.062,0,0,0,0,0,0,0,0,0,0,0,0,0,0,0,0,0,0,0,0,0,0,0,0,0,0,0,0,0,0,0,0,0,0,985.06,13.92,33.2,14.56,2022/07/09,19:12:20,-51.221522,71.1414781,197.295,10
2022/07/11 01:46:09.6817,8.094,0,0,0,0,0,0,0,0,0,0,0,0,0,0,0,0,0,0,0,0,0,0,0,0,0,0,0,0,0,0,0,0,0,0,984.87,13.83,33.3,14.54,2022/07/09,19:12:21,-51.2215224,71.1414764,197.779,10
2022/07/11 01:46:09.7130,8.125,0,0,0,0,0,0,0,0,0,0,0,0,0,0,0,0,0,0,0,0,0,0,0,0,0,0,0,0,0,0,0,0,0,0,984.78,13.82,33.3,14.51,2022/07/09,19:12:22,-51.2215264,71.1414742,197.865,10
2022/07/11 01:46:09.7284,8.14,0,0,0,0,0,0,0,0,0,0,0,0,0,0,0,0,0,0,0,0,0,0,0,0,0,0,0,0,0,0,0,0,0,0,984.68,13.75,33.2,14.48,2022/07/09,19:12:23,-51.2215315,71.1414752,198.77,10
2022/07/11 01:46:09.7598,8.172,0,0,0,0,0,0,0,0,0,0,0,0,0,0,0,0,0,0,0,0,0,0,0,0,0,0,0,0,0,0,0,0,0,0,984.51,13.76,33.1,14.45,2022/07/09,19:12:24,-51.2215309,71.1414738,199.393,11
2022/07/11 01:46:09.7754,8.187,0,0,0,0,0,0,0,0,0,0,0,0,0,0,0,0,0,0,0,0,0,0,0,0,0,0,0,0,0,0,0,0,0,0,984.4,13.76,33.1,14.4,2022/07/09,19:12:25,-51.221531,71.1414722,200.282,12
2022/07/11 01:46:09.8067,8.219,0,0,0,0,0,0,0,0,0,0,0,0,0,0,0,0,0,0,0,0,0,0,0,0,0,0,0,0,0,0,0,0,0,0,984.28,13.81,33.1,14.43,2022/07/09,19:12:26,-51.2215333,71.1414727,201.313,12
2022/07/11 01:46:09.8380,8.25,0,0,0,0,0,0,0,0,0,0,0,0,0,0,0,0,0,0,0,0,0,0,0,0,0,0,0,0,0,0,0,0,0,0,984.16,13.86,33,14.41,2022/07/09,19:12:27,-51.2215365,71.1414732,201.995,12
2022/07/11 01:46:09.8536,8.266,0,0,0,0,0,0,0,0,0,0,0,0,0,0,0,0,0,0,0,0,0,0,0,0,0,0,0,0,0,0,0,0,0,0,984.04,13.81,33,14.41,2022/07/09,19:12:28,-51.2215362,71.141475,203.078,12
2022/07/11 01:46:09.8848,8.297,0,0,0,0,0,0,0,0,0,0,0,0,0,0,0,0,0,0,0,0,0,0,0,0,0,0,0,0,0,0,0,0,0,0,983.88,13.72,33.1,14.39,2022/07/09,19:12:29,-51.2215375,71.1414752,203.743,12
2022/07/11 01:46:09.9161,8.328,0,0,0,0,0,0,0,0,0,0,0,0,0,0,0,0,0,0,0,0,0,0,0,0,0,0,0,0,0,0,0,0,0,0,983.72,13.72,33.2,14.39,2022/07/09,19:12:30,-51.2215409,71.1414756,204.729,12
2022/07/11 01:46:09.9317,8.344,0,0,0,0,0,0,0,0,0,0,0,0,0,0,0,0,0,0,0,0,0,0,0,0,0,0,0,0,0,0,0,0,0,0,983.58,13.7,33.2,14.36,2022/07/09,19:12:31,-51.2215444,71.1414757,205.239,12
2022/07/11 01:46:09.9630,8.375,0,0,0,0,0,0,0,0,0,0,0,0,0,0,0,0,0,0,0,0,0,0,0,0,0,0,0,0,0,0,0,0,0,0,983.46,13.73,33.2,14.36,2022/07/09,19:12:32,-51.2215495,71.1414746,205.853,12
2022/07/11 01:46:09.9941,8.406,0,0,0,0,0,0,0,0,0,0,0,0,0,0,0,0,0,0,0,0,0,0,0,0,0,0,0,0,0,0,0,0,0,0,983.3,13.71,33.2,14.34,2022/07/09,19:12:33,-51.2215526,71.1414732,206.874,12
2022/07/11 01:46:10.0098,8.422,0,0,0,0,0,0,0,0,0,0,0,0,0,0,0,0,0,0,0,0,0,0,0,0,0,0,0,0,0,0,0,0,0,0,983.18,13.75,33.1,14.34,2022/07/09,19:12:34,-51.2215543,71.1414717,207.623,12
2022/07/11 01:46:10.0410,8.453,0,0,0,0,0,0,0,0,0,0,0,0,0,0,0,0,0,0,0,0,0,0,0,0,0,0,0,0,0,0,0,0,0,0,983.08,13.77,33.1,14.36,2022/07/09,19:12:35,-51.2215538,71.1414709,208.67,12
2022/07/11 01:46:10.0723,8.484,0,0,0,0,0,0,0,0,0,0,0,0,0,0,0,0,0,0,0,0,0,0,0,0,0,0,0,0,0,0,0,0,0,0,982.96,13.75,33,14.36,2022/07/09,19:12:36,-51.2215534,71.1414702,209.721,12
2022/07/11 01:46:10.0880,8.5,0,0,0,0,0,0,0,0,0,0,0,0,0,0,0,0,0,0,0,0,0,0,0,0,0,0,0,0,0,0,0,0,0,0,982.82,13.7,33.2,14.33,2022/07/09,19:12:37,-51.2215542,71.1414697,210.806,12
2022/07/11 01:46:10.1192,8.531,0,0,0,0,0,0,0,0,0,0,0,0,0,0,0,0,0,0,0,0,0,0,0,0,0,0,0,0,0,0,0,0,0,0,982.7,13.68,33.4,14.32,2022/07/09,19:12:38,-51.2215538,71.1414697,212.239,12
2022/07/11 01:46:10.1505,8.562,0,0,0,0,0,0,0,0,0,0,0,0,0,0,0,0,0,0,0,0,0,0,0,0,0,0,0,0,0,0,0,0,0,0,982.58,13.7,33.4,14.3,2022/07/09,19:12:39,-51.2215505,71.1414704,213.64,12
2022/07/11 01:46:10.1661,8.578,0,0,0,0,0,0,0,0,0,0,0,0,0,0,0,0,0,0,0,0,0,0,0,0,0,0,0,0,0,0,0,0,0,0,982.41,13.68,33.3,14.27,2022/07/09,19:12:40,-51.2215499,71.1414702,214.398,12
2022/07/11 01:46:10.1973,8.609,0,0,0,0,0,0,0,0,0,0,0,0,0,0,0,0,0,0,0,0,0,0,0,0,0,0,0,0,0,0,0,0,0,0,982.28,13.7,33.3,14.28,2022/07/09,19:12:41,-51.2215508,71.1414703,214.675,12
2022/07/11 01:46:10.2284,8.64,0,0,0,0,0,0,0,0,0,0,0,0,0,0,0,0,0,0,0,0,0,0,0,0,0,0,0,0,0,0,0,0,0,0,982.18,13.71,33.2,14.32,2022/07/09,19:12:42,-51.2215501,71.1414703,215.604,12
2022/07/11 01:46:10.2441,8.656,0,0,0,0,0,0,0,0,0,0,0,0,0,0,0,0,0,0,0,0,0,0,0,0,0,0,0,0,0,0,0,0,0,0,982.06,13.72,33.2,14.33,2022/07/09,19:12:43,-51.2215514,71.1414688,216.374,12
2022/07/11 01:46:10.2755,8.687,0,0,0,0,0,0,0,0,0,0,0,0,0,0,0,0,0,0,0,0,0,0,0,0,0,0,0,0,0,0,0,0,0,0,981.92,13.73,33.1,14.34,2022/07/09,19:12:44,-51.2215554,71.1414665,216.541,12
2022/07/11 01:46:10.3067,8.719,0,0,0,0,0,0,0,0,0,0,0,0,0,0,0,0,0,0,0,0,0,0,0,0,0,0,0,0,0,0,0,0,0,0,981.79,13.72,33,14.36,2022/07/09,19:12:45,-51.2215582,71.1414651,217.154,12
2022/07/11 01:46:10.3223,8.734,0,0,0,0,0,0,0,0,0,0,0,0,0,0,0,0,0,0,0,0,0,0,0,0,0,0,0,0,0,0,0,0,0,0,981.67,13.71,33,14.37,2022/07/09,19:12:46,-51.2215601,71.1414659,218.453,12
2022/07/11 01:46:10.3536,8.766,0,0,0,0,0,0,0,0,0,0,0,0,0,0,0,0,0,0,0,0,0,0,0,0,0,0,0,0,0,0,0,0,0,0,981.51,13.67,33,14.39,2022/07/09,19:12:47,-51.2215653,71.1414672,219.851,12
2022/07/11 01:46:10.3848,8.797,0,0,0,0,0,0,0,0,0,0,0,0,0,0,0,0,0,0,0,0,0,0,0,0,0,0,0,0,0,0,0,0,0,0,981.39,13.67,32.9,14.37,2022/07/09,19:12:48,-51.2215701,71.141468,220.912,12
2022/07/11 01:46:10.4005,8.812,0,0,0,0,0,0,0,0,0,0,0,0,0,0,0,0,0,0,0,0,0,0,0,0,0,0,0,0,0,0,0,0,0,0,981.22,13.66,32.9,14.39,2022/07/09,19:12:49,-51.2215717,71.1414688,222.063,12
2022/07/11 01:46:10.4317,8.844,0,0,0,0,0,0,0,0,0,0,0,0,0,0,0,0,0,0,0,0,0,0,0,0,0,0,0,0,0,0,0,0,0,0,981.11,13.63,32.9,14.37,2022/07/09,19:12:50,-51.2215709,71.1414694,223.28,12
2022/07/11 01:46:10.4628,8.875,0,0,0,0,0,0,0,0,0,0,0,0,0,0,0,0,0,0,0,0,0,0,0,0,0,0,0,0,0,0,0,0,0,0,981.09,13.63,32.9,14.34,2022/07/09,19:12:51,-51.2215692,71.1414693,224.223,12
2022/07/11 01:46:10.4784,8.89,0,0,0,0,0,0,0,0,0,0,0,0,0,0,0,0,0,0,0,0,0,0,0,0,0,0,0,0,0,0,0,0,0,0,980.9,13.65,32.9,14.36,2022/07/09,19:12:52,-51.2215672,71.1414699,225.701,12
2022/07/11 01:46:10.5098,8.922,0,0,0,0,0,0,0,0,0,0,0,0,0,0,0,0,0,0,0,0,0,0,0,0,0,0,0,0,0,0,0,0,0,0,980.73,13.63,32.9,14.33,2022/07/09,19:12:53,-51.2215674,71.1414701,226.798,12
2022/07/11 01:46:10.5411,8.953,0,0,0,0,0,0,0,0,0,0,0,0,0,0,0,0,0,0,0,0,0,0,0,0,0,0,0,0,0,0,0,0,0,0,980.62,13.64,32.9,14.32,2022/07/09,19:12:54,-51.221568,71.14147,228.029,12
2022/07/11 01:46:10.5567,8.969,0,0,0,0,0,0,0,0,0,0,0,0,0,0,0,0,0,0,0,0,0,0,0,0,0,0,0,0,0,0,0,0,0,0,980.52,13.61,32.9,14.3,2022/07/09,19:12:55,-51.2215679,71.141469,228.823,12
2022/07/11 01:46:10.5880,9,0,0,0,0,0,0,0,0,0,0,0,0,0,0,0,0,0,0,0,0,0,0,0,0,0,0,0,0,0,0,0,0,0,0,980.4,13.65,32.9,14.3,2022/07/09,19:12:56,-51.2215652,71.141469,230.195,12
2022/07/11 01:46:10.6036,9.016,0,0,0,0,0,0,0,0,0,0,0,0,0,0,0,0,0,0,0,0,0,0,0,0,0,0,0,0,0,0,0,0,0,0,980.26,13.67,32.9,14.33,2022/07/09,19:12:57,-51.2215621,71.1414689,231.904,12
2022/07/11 01:46:10.6348,9.047,0,0,0,0,0,0,0,0,0,0,0,0,0,0,0,0,0,0,0,0,0,0,0,0,0,0,0,0,0,0,0,0,0,0,980.21,13.64,32.9,14.33,2022/07/09,19:12:58,-51.2215592,71.1414698,233.642,12
2022/07/11 01:46:10.6659,9.078,0,0,0,0,0,0,0,0,0,0,0,0,0,0,0,0,0,0,0,0,0,0,0,0,0,0,0,0,0,0,0,0,0,0,980.06,13.58,33,14.32,2022/07/09,19:12:59,-51.2215655,71.141471,235.013,12
2022/07/11 01:46:10.6817,9.094,0,0,0,0,0,0,0,0,0,0,0,0,0,0,0,0,0,0,0,0,0,0,0,0,0,0,0,0,0,0,0,0,0,0,979.95,13.54,32.9,14.32,2022/07/09,19:13:00,-51.2215693,71.1414707,236.139,12
2022/07/11 01:46:10.7130,9.125,0,0,0,0,0,0,0,0,0,0,0,0,0,0,0,0,0,0,0,0,0,0,0,0,0,0,0,0,0,0,0,0,0,0,979.8,13.55,32.9,14.3,2022/07/09,19:13:01,-51.221573,71.1414695,237.466,13
2022/07/11 01:46:10.7441,9.156,0,0,0,0,0,0,0,0,0,0,0,0,0,0,0,0,0,0,0,0,0,0,0,0,0,0,0,0,0,0,0,0,0,0,979.66,13.52,33,14.27,2022/07/09,19:13:02,-51.2215755,71.1414694,239.037,13
2022/07/11 01:46:10.7598,9.172,0,0,0,0,0,0,0,0,0,0,0,0,0,0,0,0,0,0,0,0,0,0,0,0,0,0,0,0,0,0,0,0,0,0,979.52,13.48,33,14.22,2022/07/09,19:13:03,-51.2215733,71.1414698,240.638,13
2022/07/11 01:46:10.7911,9.203,0,0,0,0,0,0,0,0,0,0,0,0,0,0,0,0,0,0,0,0,0,0,0,0,0,0,0,0,0,0,0,0,0,0,979.44,13.47,33,14.24,2022/07/09,19:13:04,-51.221568,71.1414684,241.462,13
2022/07/11 01:46:10.8223,9.234,0,0,0,0,0,0,0,0,0,0,0,0,0,0,0,0,0,0,0,0,0,0,0,0,0,0,0,0,0,0,0,0,0,0,979.32,13.47,33,14.22,2022/07/09,19:13:05,-51.2215683,71.1414682,242.719,13
2022/07/11 01:46:10.8380,9.25,0,0,0,0,0,0,0,0,0,0,0,0,0,0,0,0,0,0,0,0,0,0,0,0,0,0,0,0,0,0,0,0,0,0,979.13,13.46,33,14.22,2022/07/09,19:13:06,-51.2215693,71.1414685,243.9,13
2022/07/11 01:46:10.8692,9.281,0,0,0,0,0,0,0,0,0,0,0,0,0,0,0,0,0,0,0,0,0,0,0,0,0,0,0,0,0,0,0,0,0,0,979,13.43,33,14.22,2022/07/09,19:13:07,-51.2215683,71.1414692,245.251,13
2022/07/11 01:46:10.9005,9.313,0,0,0,0,0,0,0,0,0,0,0,0,0,0,0,0,0,0,0,0,0,0,0,0,0,0,0,0,0,0,0,0,0,0,978.83,13.36,33,14.21,2022/07/09,19:13:08,-51.2215674,71.14147,246.871,13
2022/07/11 01:46:10.9161,9.328,0,0,0,0,0,0,0,0,0,0,0,0,0,0,0,0,0,0,0,0,0,0,0,0,0,0,0,0,0,0,0,0,0,0,978.74,13.32,33.1,14.18,2022/07/09,19:13:09,-51.2215672,71.1414685,247.75,13
2022/07/11 01:46:10.9474,9.359,0,0,0,0,0,0,0,0,0,0,0,0,0,0,0,0,0,0,0,0,0,0,0,0,0,0,0,0,0,0,0,0,0,0,978.61,13.23,33.1,14.15,2022/07/09,19:13:10,-51.2215667,71.1414678,249.01,13
2022/07/11 01:46:10.9785,9.391,0,0,0,0,0,0,0,0,0,0,0,0,0,0,0,0,0,0,0,0,0,0,0,0,0,0,0,0,0,0,0,0,0,0,978.47,13.22,33.1,14.13,2022/07/09,19:13:11,-51.2215649,71.1414663,249.996,13
2022/07/11 01:46:10.9941,9.406,0,0,0,0,0,0,0,0,0,0,0,0,0,0,0,0,0,0,0,0,0,0,0,0,0,0,0,0,0,0,0,0,0,0,978.29,13.22,33.2,14.07,2022/07/09,19:13:12,-51.2215621,71.1414644,250.668,13
2022/07/11 01:46:11.0254,9.437,0,0,0,0,0,0,0,0,0,0,0,0,0,0,0,0,0,0,0,0,0,0,0,0,0,0,0,0,0,0,0,0,0,0,978.14,13.23,33.3,14.04,2022/07/09,19:13:13,-51.2215585,71.1414651,251.92,13
2022/07/11 01:46:11.0567,9.469,0,0,0,0,0,0,0,0,0,0,0,0,0,0,0,0,0,0,0,0,0,0,0,0,0,0,0,0,0,0,0,0,0,0,978.02,13.2,33.3,14.03,2022/07/09,19:13:14,-51.221557,71.1414655,253.064,13
2022/07/11 01:46:11.0723,9.484,0,0,0,0,0,0,0,0,0,0,0,0,0,0,0,0,0,0,0,0,0,0,0,0,0,0,0,0,0,0,0,0,0,0,977.93,13.27,33.3,14.02,2022/07/09,19:13:15,-51.2215545,71.141466,254.014,13
2022/07/11 01:46:11.1036,9.516,0,0,0,0,0,0,0,0,0,0,0,0,0,0,0,0,0,0,0,0,0,0,0,0,0,0,0,0,0,0,0,0,0,0,977.75,13.28,33.3,14.02,2022/07/09,19:13:16,-51.2215534,71.1414656,254.714,13
2022/07/11 01:46:11.1348,9.547,0,0,0,0,0,0,0,0,0,0,0,0,0,0,0,0,0,0,0,0,0,0,0,0,0,0,0,0,0,0,0,0,0,0,977.67,13.28,33.4,13.99,2022/07/09,19:13:17,-51.221555,71.1414666,255.904,13
2022/07/11 01:46:11.1505,9.562,0,0,0,0,0,0,0,0,0,0,0,0,0,0,0,0,0,0,0,0,0,0,0,0,0,0,0,0,0,0,0,0,0,0,977.56,13.16,33.4,13.96,2022/07/09,19:13:18,-51.2215539,71.1414676,257.271,13
2022/07/11 01:46:11.1817,9.594,0,0,0,0,0,0,0,0,0,0,0,0,0,0,0,0,0,0,0,0,0,0,0,0,0,0,0,0,0,0,0,0,0,0,977.39,13.1,33.5,13.95,2022/07/09,19:13:19,-51.2215505,71.1414666,257.912,13
2022/07/11 01:46:11.2130,9.625,0,0,0,0,0,0,0,0,0,0,0,0,0,0,0,0,0,0,0,0,0,0,0,0,0,0,0,0,0,0,0,0,0,0,977.36,13.11,33.6,13.92,2022/07/09,19:13:20,-51.2215473,71.1414673,259.034,13
2022/07/11 01:46:11.2284,9.64,0,0,0,0,0,0,0,0,0,0,0,0,0,0,0,0,0,0,0,0,0,0,0,0,0,0,0,0,0,0,0,0,0,0,977.23,13.15,33.6,13.92,2022/07/09,19:13:21,-51.2215442,71.1414668,259.663,13
2022/07/11 01:46:11.2599,9.672,0,0,0,0,0,0,0,0,0,0,0,0,0,0,0,0,0,0,0,0,0,0,0,0,0,0,0,0,0,0,0,0,0,0,977.06,13.16,33.6,13.92,2022/07/09,19:13:22,-51.2215434,71.1414663,260.669,13
2022/07/11 01:46:11.2911,9.703,0,0,0,0,0,0,0,0,0,0,0,0,0,0,0,0,0,0,0,0,0,0,0,0,0,0,0,0,0,0,0,0,0,0,976.97,13.12,33.7,13.93,2022/07/09,19:13:23,-51.2215436,71.1414656,261.704,13
2022/07/11 01:46:11.3067,9.719,0,0,0,0,0,0,0,0,0,0,0,0,0,0,0,0,0,0,0,0,0,0,0,0,0,0,0,0,0,0,0,0,0,0,976.83,13.1,33.7,13.92,2022/07/09,19:13:24,-51.2215405,71.1414644,262.736,13
2022/07/11 01:46:11.3380,9.75,0,0,0,0,0,0,0,0,0,0,0,0,0,0,0,0,0,0,0,0,0,0,0,0,0,0,0,0,0,0,0,0,0,0,976.71,13.08,33.7,13.92,2022/07/09,19:13:25,-51.2215379,71.1414626,263.619,13
2022/07/11 01:46:11.3692,9.781,0,0,0,0,0,0,0,0,0,0,0,0,0,0,0,0,0,0,0,0,0,0,0,0,0,0,0,0,0,0,0,0,0,0,976.58,13.09,33.7,13.92,2022/07/09,19:13:26,-51.221537,71.14146,264.233,13
2022/07/11 01:46:11.3848,9.797,0,0,0,0,0,0,0,0,0,0,0,0,0,0,0,0,0,0,0,0,0,0,0,0,0,0,0,0,0,0,0,0,0,0,976.5,13.09,33.7,13.93,2022/07/09,19:13:27,-51.221537,71.1414585,265.032,13
2022/07/11 01:46:11.4161,9.828,0,0,0,0,0,0,0,0,0,0,0,0,0,0,0,0,0,0,0,0,0,0,0,0,0,0,0,0,0,0,0,0,0,0,976.3,13.1,33.7,13.92,2022/07/09,19:13:28,-51.2215362,71.1414588,266.58,13
2022/07/11 01:46:11.4473,9.859,0,0,0,0,0,0,0,0,0,0,0,0,0,0,0,0,0,0,0,0,0,0,0,0,0,0,0,0,0,0,0,0,0,0,976.16,13.11,33.7,13.89,2022/07/09,19:13:29,-51.2215368,71.1414582,267.66,13
2022/07/11 01:46:11.4629,9.875,0,0,0,0,0,0,0,0,0,0,0,0,0,0,0,0,0,0,0,0,0,0,0,0,0,0,0,0,0,0,0,0,0,0,976.05,13.12,33.7,13.88,2022/07/09,19:13:30,-51.2215386,71.1414578,268.607,13
2022/07/11 01:46:11.4941,9.906,0,0,0,0,0,0,0,0,0,0,0,0,0,0,0,0,0,0,0,0,0,0,0,0,0,0,0,0,0,0,0,0,0,0,975.95,13.11,33.8,13.87,2022/07/09,19:13:31,-51.2215398,71.1414581,269.824,13
2022/07/11 01:46:11.5098,9.922,0,0,0,0,0,0,0,0,0,0,0,0,0,0,0,0,0,0,0,0,0,0,0,0,0,0,0,0,0,0,0,0,0,0,975.8,13.05,33.9,13.84,2022/07/09,19:13:32,-51.2215422,71.141458,270.756,13
2022/07/11 01:46:11.5411,9.953,0,0,0,0,0,0,0,0,0,0,0,0,0,0,0,0,0,0,0,0,0,0,0,0,0,0,0,0,0,0,0,0,0,0,975.73,12.95,33.9,13.78,2022/07/09,19:13:33,-51.2215433,71.1414583,271.82,13
2022/07/11 01:46:11.5723,9.984,0,0,0,0,0,0,0,0,0,0,0,0,0,0,0,0,0,0,0,0,0,0,0,0,0,0,0,0,0,0,0,0,0,0,975.59,12.86,34.1,13.74,2022/07/09,19:13:34,-51.2215445,71.1414578,272.542,13
2022/07/11 01:46:11.5880,10,0,0,0,0,0,0,0,0,0,0,0,0,0,0,0,0,0,0,0,0,0,0,0,0,0,0,0,0,0,0,0,0,0,0,975.49,12.87,34.2,13.71,2022/07/09,19:13:35,-51.2215434,71.141458,273.821,13
2022/07/11 01:46:11.6192,10.031,0,0,0,0,0,0,0,0,0,0,0,0,0,0,0,0,0,0,0,0,0,0,0,0,0,0,0,0,0,0,0,0,0,0,975.33,12.86,34.3,13.7,2022/07/09,19:13:36,-51.2215428,71.1414569,274.799,13
2022/07/11 01:46:11.6504,10.062,0,0,0,0,0,0,0,0,0,0,0,0,0,0,0,0,0,0,0,0,0,0,0,0,0,0,0,0,0,0,0,0,0,0,975.18,12.86,34.3,13.69,2022/07/09,19:13:37,-51.2215409,71.1414563,275.879,13
2022/07/11 01:46:11.6661,10.078,0,0,0,0,0,0,0,0,0,0,0,0,0,0,0,0,0,0,0,0,0,0,0,0,0,0,0,0,0,0,0,0,0,0,974.97,12.92,34.5,13.64,2022/07/09,19:13:38,-51.221539,71.1414565,277.17,13
2022/07/11 01:46:11.6973,10.109,0,0,0,0,0,0,0,0,0,0,0,0,0,0,0,0,0,0,0,0,0,0,0,0,0,0,0,0,0,0,0,0,0,0,974.91,12.94,34.5,13.69,2022/07/09,19:13:39,-51.2215384,71.1414565,278.16,14
2022/07/11 01:46:11.7285,10.141,0,0,0,0,0,0,0,0,0,0,0,0,0,0,0,0,0,0,0,0,0,0,0,0,0,0,0,0,0,0,0,0,0,0,974.85,12.94,34.5,13.66,2022/07/09,19:13:40,-51.221539,71.1414554,279.087,14
2022/07/11 01:46:11.7441,10.156,0,0,0,0,0,0,0,0,0,0,0,0,0,0,0,0,0,0,0,0,0,0,0,0,0,0,0,0,0,0,0,0,0,0,974.73,12.92,34.6,13.64,2022/07/09,19:13:41,-51.2215409,71.1414533,279.862,14
2022/07/11 01:46:11.7755,10.188,0,0,0,0,0,0,0,0,0,0,0,0,0,0,0,0,0,0,0,0,0,0,0,0,0,0,0,0,0,0,0,0,0,0,974.55,12.93,34.7,13.63,2022/07/09,19:13:42,-51.2215432,71.1414525,281.065,14
2022/07/11 01:46:11.8067,10.219,0,0,0,0,0,0,0,0,0,0,0,0,0,0,0,0,0,0,0,0,0,0,0,0,0,0,0,0,0,0,0,0,0,0,974.41,12.91,34.7,13.63,2022/07/09,19:13:43,-51.2215463,71.1414528,282.325,14
2022/07/11 01:46:11.8223,10.234,0,0,0,0,0,0,0,0,0,0,0,0,0,0,0,0,0,0,0,0,0,0,0,0,0,0,0,0,0,0,0,0,0,0,974.36,12.87,34.7,13.6,2022/07/09,19:13:44,-51.221547,71.1414534,283.696,14
2022/07/11 01:46:11.8536,10.266,0,0,0,0,0,0,0,0,0,0,0,0,0,0,0,0,0,0,0,0,0,0,0,0,0,0,0,0,0,0,0,0,0,0,974.18,12.81,34.7,13.58,2022/07/09,19:13:45,-51.2215461,71.1414529,284.538,14
2022/07/11 01:46:11.8848,10.297,0,0,0,0,0,0,0,0,0,0,0,0,0,0,0,0,0,0,0,0,0,0,0,0,0,0,0,0,0,0,0,0,0,0,974.11,12.74,34.7,13.56,2022/07/09,19:13:46,-51.2215423,71.1414528,285.467,14
2022/07/11 01:46:11.9005,10.312,0,0,0,0,0,0,0,0,0,0,0,0,0,0,0,0,0,0,0,0,0,0,0,0,0,0,0,0,0,0,0,0,0,0,973.9,12.69,34.7,13.51,2022/07/09,19:13:47,-51.2215392,71.1414524,286.7,14
2022/07/11 01:46:11.9317,10.344,0,0,0,0,0,0,0,0,0,0,0,0,0,0,0,0,0,0,0,0,0,0,0,0,0,0,0,0,0,0,0,0,0,0,973.76,12.7,34.7,13.51,2022/07/09,19:13:48,-51.2215371,71.1414525,288.17,14
2022/07/11 01:46:11.9629,10.375,0,0,0,0,0,0,0,0,0,0,0,0,0,0,0,0,0,0,0,0,0,0,0,0,0,0,0,0,0,0,0,0,0,0,973.63,12.76,34.8,13.47,2022/07/09,19:13:49,-51.2215372,71.1414516,289.506,14
2022/07/11 01:46:11.9785,10.391,0,0,0,0,0,0,0,0,0,0,0,0,0,0,0,0,0,0,0,0,0,0,0,0,0,0,0,0,0,0,0,0,0,0,973.54,12.82,34.7,13.46,2022/07/09,19:13:50,-51.2215358,71.1414516,290.977,14
2022/07/11 01:46:12.0098,10.422,0,0,0,0,0,0,0,0,0,0,0,0,0,0,0,0,0,0,0,0,0,0,0,0,0,0,0,0,0,0,0,0,0,0,973.37,12.71,34.8,13.44,2022/07/09,19:13:51,-51.2215321,71.1414519,292.33,14
2022/07/11 01:46:12.0411,10.453,0,0,0,0,0,0,0,0,0,0,0,0,0,0,0,0,0,0,0,0,0,0,0,0,0,0,0,0,0,0,0,0,0,0,973.17,12.67,34.7,13.44,2022/07/09,19:13:52,-51.2215292,71.1414529,294.195,14
2022/07/11 01:46:12.0567,10.469,0,0,0,0,0,0,0,0,0,0,0,0,0,0,0,0,0,0,0,0,0,0,0,0,0,0,0,0,0,0,0,0,0,0,973.02,12.71,34.8,13.44,2022/07/09,19:13:53,-51.2215298,71.1414517,295.23,14
2022/07/11 01:46:12.0880,10.5,0,0,0,0,0,0,0,0,0,0,0,0,0,0,0,0,0,0,0,0,0,0,0,0,0,0,0,0,0,0,0,0,0,0,972.83,12.73,34.7,13.46,2022/07/09,19:13:54,-51.221531,71.1414525,296.687,14
2022/07/11 01:46:12.1192,10.531,0,0,0,0,0,0,0,0,0,0,0,0,0,0,0,0,0,0,0,0,0,0,0,0,0,0,0,0,0,0,0,0,0,0,972.73,12.74,34.7,13.46,2022/07/09,19:13:55,-51.221533,71.1414523,297.779,14
2022/07/11 01:46:12.1348,10.547,0,0,0,0,0,0,0,0,0,0,0,0,0,0,0,0,0,0,0,0,0,0,0,0,0,0,0,0,0,0,0,0,0,0,972.52,12.73,34.7,13.46,2022/07/09,19:13:56,-51.2215343,71.1414523,299.165,14
2022/07/11 01:46:12.1661,10.578,0,0,0,0,0,0,0,0,0,0,0,0,0,0,0,0,0,0,0,0,0,0,0,0,0,0,0,0,0,0,0,0,0,0,972.39,12.69,34.6,13.44,2022/07/09,19:13:57,-51.2215346,71.1414523,300.48,14
2022/07/11 01:46:12.1973,10.609,0,0,0,0,0,0,0,0,0,0,0,0,0,0,0,0,0,0,0,0,0,0,0,0,0,0,0,0,0,0,0,0,0,0,972.29,12.7,34.6,13.46,2022/07/09,19:13:58,-51.2215336,71.1414528,301.912,14
2022/07/11 01:46:12.2129,10.625,0,0,0,0,0,0,0,0,0,0,0,0,0,0,0,0,0,0,0,0,0,0,0,0,0,0,0,0,0,0,0,0,0,0,972.08,12.66,34.6,13.47,2022/07/09,19:13:59,-51.2215344,71.1414524,303.259,14
2022/07/11 01:46:12.2441,10.656,0,0,0,0,0,0,0,0,0,0,0,0,0,0,0,0,0,0,0,0,0,0,0,0,0,0,0,0,0,0,0,0,0,0,971.97,12.63,34.6,13.43,2022/07/09,19:14:00,-51.2215375,71.1414525,304.577,14
2022/07/11 01:46:12.2755,10.687,0,0,0,0,0,0,0,0,0,0,0,0,0,0,0,0,0,0,0,0,0,0,0,0,0,0,0,0,0,0,0,0,0,0,971.8,12.62,34.7,13.41,2022/07/09,19:14:01,-51.2215379,71.141453,306.09,15
2022/07/11 01:46:12.2911,10.703,0,0,0,0,0,0,0,0,0,0,0,0,0,0,0,0,0,0,0,0,0,0,0,0,0,0,0,0,0,0,0,0,0,0,971.63,12.6,34.7,13.4,2022/07/09,19:14:02,-51.2215365,71.1414526,307.267,15
2022/07/11 01:46:12.3223,10.734,0,0,0,0,0,0,0,0,0,0,0,0,0,0,0,0,0,0,0,0,0,0,0,0,0,0,0,0,0,0,0,0,0,0,971.42,12.59,34.7,13.4,2022/07/09,19:14:03,-51.2215322,71.1414536,308.995,15
2022/07/11 01:46:12.3536,10.766,0,0,0,0,0,0,0,0,0,0,0,0,0,0,0,0,0,0,0,0,0,0,0,0,0,0,0,0,0,0,0,0,0,0,971.27,12.59,34.7,13.4,2022/07/09,19:14:04,-51.2215301,71.1414537,310.334,15
2022/07/11 01:46:12.3692,10.781,0,0,0,0,0,0,0,0,0,0,0,0,0,0,0,0,0,0,0,0,0,0,0,0,0,0,0,0,0,0,0,0,0,0,971.14,12.6,34.7,13.37,2022/07/09,19:14:05,-51.2215293,71.1414523,311.695,15
2022/07/11 01:46:12.4005,10.812,0,0,0,0,0,0,0,0,0,0,0,0,0,0,0,0,0,0,0,0,0,0,0,0,0,0,0,0,0,0,0,0,0,0,970.88,12.54,34.7,13.37,2022/07/09,19:14:06,-51.2215293,71.1414528,313.431,15
2022/07/11 01:46:12.4161,10.828,0,0,0,0,0,0,0,0,0,0,0,0,0,0,0,0,0,0,0,0,0,0,0,0,0,0,0,0,0,0,0,0,0,0,970.7,12.55,34.7,13.35,2022/07/09,19:14:07,-51.2215316,71.1414531,314.607,15
2022/07/11 01:46:12.4473,10.859,0,0,0,0,0,0,0,0,0,0,0,0,0,0,0,0,0,0,0,0,0,0,0,0,0,0,0,0,0,0,0,0,0,0,970.52,12.52,34.8,13.32,2022/07/09,19:14:08,-51.2215331,71.141455,316.065,15
2022/07/11 01:46:12.4784,10.89,0,0,0,0,0,0,0,0,0,0,0,0,0,0,0,0,0,0,0,0,0,0,0,0,0,0,0,0,0,0,0,0,0,0,970.4,12.52,34.8,13.32,2022/07/09,19:14:09,-51.2215341,71.1414545,316.768,15
2022/07/11 01:46:12.4941,10.906,0,0,0,0,0,0,0,0,0,0,0,0,0,0,0,0,0,0,0,0,0,0,0,0,0,0,0,0,0,0,0,0,0,0,970.42,12.54,34.8,13.3,2022/07/09,19:14:10,-51.221535,71.1414535,317.516,15
2022/07/11 01:46:12.5253,10.937,0,0,0,0,0,0,0,0,0,0,0,0,0,0,0,0,0,0,0,0,0,0,0,0,0,0,0,0,0,0,0,0,0,0,970.33,12.5,34.9,13.3,2022/07/09,19:14:11,-51.2215343,71.1414518,317.985,15
2022/07/11 01:46:12.5566,10.969,0,0,0,0,0,0,0,0,0,0,0,0,0,0,0,0,0,0,0,0,0,0,0,0,0,0,0,0,0,0,0,0,0,0,970.18,12.48,34.9,13.3,2022/07/09,19:14:12,-51.2215369,71.1414519,318.985,15
2022/07/11 01:46:12.5722,10.984,0,0,0,0,0,0,0,0,0,0,0,0,0,0,0,0,0,0,0,0,0,0,0,0,0,0,0,0,0,0,0,0,0,0,970.1,12.5,34.9,13.28,2022/07/09,19:14:13,-51.221539,71.1414513,319.759,15
2022/07/11 01:46:12.6034,11.015,0,0,0,0,0,0,0,0,0,0,0,0,0,0,0,0,0,0,0,0,0,0,0,0,0,0,0,0,0,0,0,0,0,0,969.99,12.51,34.9,13.26,2022/07/09,19:14:14,-51.221539,71.1414502,320.514,15
2022/07/11 01:46:12.6347,11.047,0,0,0,0,0,0,0,0,0,0,0,0,0,0,0,0,0,0,0,0,0,0,0,0,0,0,0,0,0,0,0,0,0,0,969.84,12.5,34.9,13.25,2022/07/09,19:14:15,-51.2215405,71.1414492,321.109,15
2022/07/11 01:46:12.6503,11.062,0,0,0,0,0,0,0,0,0,0,0,0,0,0,0,0,0,0,0,0,0,0,0,0,0,0,0,0,0,0,0,0,0,0,969.7,12.48,35,13.25,2022/07/09,19:14:16,-51.2215389,71.1414499,322.222,15
2022/07/11 01:46:12.6816,11.094,0,0,0,0,0,0,0,0,0,0,0,0,0,0,0,0,0,0,0,0,0,0,0,0,0,0,0,0,0,0,0,0,0,0,969.65,12.48,35,13.23,2022/07/09,19:14:17,-51.2215367,71.1414501,323.164,15
2022/07/11 01:46:12.7128,11.125,0,0,0,0,0,0,0,0,0,0,0,0,0,0,0,0,0,0,0,0,0,0,0,0,0,0,0,0,0,0,0,0,0,0,969.51,12.49,35,13.26,2022/07/09,19:14:18,-51.2215355,71.1414508,324.402,15
2022/07/11 01:46:12.7284,11.14,0,0,0,0,0,0,0,0,0,0,0,0,0,0,0,0,0,0,0,0,0,0,0,0,0,0,0,0,0,0,0,0,0,0,969.37,12.5,34.9,13.25,2022/07/09,19:14:19,-51.221535,71.1414502,325.348,15
2022/07/11 01:46:12.7597,11.172,0,0,0,0,0,0,0,0,0,0,0,0,0,0,0,0,0,0,0,0,0,0,0,0,0,0,0,0,0,0,0,0,0,0,969.24,12.48,34.9,13.25,2022/07/09,19:14:20,-51.2215347,71.1414491,326.26,15
2022/07/11 01:46:12.7909,11.203,0,0,0,0,0,0,0,0,0,0,0,0,0,0,0,0,0,0,0,0,0,0,0,0,0,0,0,0,0,0,0,0,0,0,969.09,12.46,34.9,13.26,2022/07/09,19:14:21,-51.2215358,71.1414485,327.184,15
2022/07/11 01:46:12.8066,11.219,0,0,0,0,0,0,0,0,0,0,0,0,0,0,0,0,0,0,0,0,0,0,0,0,0,0,0,0,0,0,0,0,0,0,968.96,12.39,34.9,13.23,2022/07/09,19:14:22,-51.221538,71.1414493,328.268,15
2022/07/11 01:46:12.8378,11.25,0,0,0,0,0,0,0,0,0,0,0,0,0,0,0,0,0,0,0,0,0,0,0,0,0,0,0,0,0,0,0,0,0,0,968.81,12.37,35,13.22,2022/07/09,19:14:23,-51.2215409,71.1414494,329.151,15
2022/07/11 01:46:12.8691,11.281,0,0,0,0,0,0,0,0,0,0,0,0,0,0,0,0,0,0,0,0,0,0,0,0,0,0,0,0,0,0,0,0,0,0,968.71,12.36,35,13.19,2022/07/09,19:14:24,-51.2215425,71.1414484,329.667,15
2022/07/11 01:46:12.8847,11.297,0,0,0,0,0,0,0,0,0,0,0,0,0,0,0,0,0,0,0,0,0,0,0,0,0,0,0,0,0,0,0,0,0,0,968.61,12.37,35,13.17,2022/07/09,19:14:25,-51.2215441,71.1414481,330.425,15
2022/07/11 01:46:12.9159,11.328,0,0,0,0,0,0,0,0,0,0,0,0,0,0,0,0,0,0,0,0,0,0,0,0,0,0,0,0,0,0,0,0,0,0,968.48,12.38,35,13.12,2022/07/09,19:14:26,-51.2215458,71.141448,331.201,15
2022/07/11 01:46:12.9472,11.359,0,0,0,0,0,0,0,0,0,0,0,0,0,0,0,0,0,0,0,0,0,0,0,0,0,0,0,0,0,0,0,0,0,0,968.39,12.46,35,13.15,2022/07/09,19:14:27,-51.2215468,71.1414464,331.491,15
2022/07/11 01:46:12.9628,11.375,0,0,0,0,0,0,0,0,0,0,0,0,0,0,0,0,0,0,0,0,0,0,0,0,0,0,0,0,0,0,0,0,0,0,968.24,12.39,35,13.12,2022/07/09,19:14:28,-51.2215491,71.1414472,332.642,15
2022/07/11 01:46:12.9941,11.406,0,0,0,0,0,0,0,0,0,0,0,0,0,0,0,0,0,0,0,0,0,0,0,0,0,0,0,0,0,0,0,0,0,0,968.21,12.38,35.1,13.11,2022/07/09,19:14:29,-51.2215515,71.1414459,333.218,15
2022/07/11 01:46:13.0254,11.437,0,0,0,0,0,0,0,0,0,0,0,0,0,0,0,0,0,0,0,0,0,0,0,0,0,0,0,0,0,0,0,0,0,0,968.1,12.35,35.1,13.08,2022/07/09,19:14:30,-51.2215514,71.1414449,334.031,15
2022/07/11 01:46:13.0411,11.453,0,0,0,0,0,0,0,0,0,0,0,0,0,0,0,0,0,0,0,0,0,0,0,0,0,0,0,0,0,0,0,0,0,0,967.94,12.32,35.2,13.07,2022/07/09,19:14:31,-51.2215524,71.1414435,334.75,15
2022/07/11 01:46:13.0723,11.484,0,0,0,0,0,0,0,0,0,0,0,0,0,0,0,0,0,0,0,0,0,0,0,0,0,0,0,0,0,0,0,0,0,0,967.83,12.31,35.2,13.03,2022/07/09,19:14:32,-51.2215555,71.1414437,335.806,15
2022/07/11 01:46:13.1036,11.516,0,0,0,0,0,0,0,0,0,0,0,0,0,0,0,0,0,0,0,0,0,0,0,0,0,0,0,0,0,0,0,0,0,0,967.75,12.31,35.2,13.03,2022/07/09,19:14:33,-51.2215566,71.1414424,336.501,15
2022/07/11 01:46:13.1192,11.531,0,0,0,0,0,0,0,0,0,0,0,0,0,0,0,0,0,0,0,0,0,0,0,0,0,0,0,0,0,0,0,0,0,0,967.6,12.28,35.2,13.01,2022/07/09,19:14:34,-51.2215561,71.1414412,337.409,15
2022/07/11 01:46:13.1505,11.562,0,0,0,0,0,0,0,0,0,0,0,0,0,0,0,0,0,0,0,0,0,0,0,0,0,0,0,0,0,0,0,0,0,0,967.55,12.4,35.3,13.03,2022/07/09,19:14:35,-51.2215543,71.1414412,338.383,15
2022/07/11 01:46:13.1817,11.594,0,0,0,0,0,0,0,0,0,0,0,0,0,0,0,0,0,0,0,0,0,0,0,0,0,0,0,0,0,0,0,0,0,0,967.44,12.5,35.2,13.01,2022/07/09,19:14:36,-51.2215519,71.141441,339.61,15
2022/07/11 01:46:13.1973,11.609,0,0,0,0,0,0,0,0,0,0,0,0,0,0,0,0,0,0,0,0,0,0,0,0,0,0,0,0,0,0,0,0,0,0,967.35,12.49,35.2,13.04,2022/07/09,19:14:37,-51.2215482,71.1414385,340.406,15
2022/07/11 01:46:13.2284,11.64,0,0,0,0,0,0,0,0,0,0,0,0,0,0,0,0,0,0,0,0,0,0,0,0,0,0,0,0,0,0,0,0,0,0,967.2,12.46,35.2,13.04,2022/07/09,19:14:38,-51.2215471,71.1414393,341.727,15
2022/07/11 01:46:13.2598,11.672,0,0,0,0,0,0,0,0,0,0,0,0,0,0,0,0,0,0,0,0,0,0,0,0,0,0,0,0,0,0,0,0,0,0,967.11,12.45,35.2,13.06,2022/07/09,19:14:39,-51.2215492,71.1414404,342.881,15
2022/07/11 01:46:13.2755,11.687,0,0,0,0,0,0,0,0,0,0,0,0,0,0,0,0,0,0,0,0,0,0,0,0,0,0,0,0,0,0,0,0,0,0,966.97,12.39,35.2,13.06,2022/07/09,19:14:40,-51.2215507,71.1414411,343.721,15
2022/07/11 01:46:13.3067,11.719,0,0,0,0,0,0,0,0,0,0,0,0,0,0,0,0,0,0,0,0,0,0,0,0,0,0,0,0,0,0,0,0,0,0,966.82,12.35,35.2,13.04,2022/07/09,19:14:41,-51.2215488,71.1414416,344.599,15
2022/07/11 01:46:13.3223,11.734,0,0,0,0,0,0,0,0,0,0,0,0,0,0,0,0,0,0,0,0,0,0,0,0,0,0,0,0,0,0,0,0,0,0,966.63,12.32,35.2,13.01,2022/07/09,19:14:42,-51.2215478,71.1414416,345.476,15
2022/07/11 01:46:13.3536,11.766,0,0,0,0,0,0,0,0,0,0,0,0,0,0,0,0,0,0,0,0,0,0,0,0,0,0,0,0,0,0,0,0,0,0,966.41,12.32,35.2,12.99,2022/07/09,19:14:43,-51.2215481,71.1414406,345.996,15
2022/07/11 01:46:13.3848,11.797,0,0,0,0,0,0,0,0,0,0,0,0,0,0,0,0,0,0,0,0,0,0,0,0,0,0,0,0,0,0,0,0,0,0,966.4,12.33,35.4,12.95,2022/07/09,19:14:44,-51.2215475,71.1414397,346.81,15
2022/07/11 01:46:13.4005,11.812,0,0,0,0,0,0,0,0,0,0,0,0,0,0,0,0,0,0,0,0,0,0,0,0,0,0,0,0,0,0,0,0,0,0,966.32,12.38,35.5,12.92,2022/07/09,19:14:45,-51.2215477,71.1414383,347.468,15
2022/07/11 01:46:13.4317,11.844,0,0,0,0,0,0,0,0,0,0,0,0,0,0,0,0,0,0,0,0,0,0,0,0,0,0,0,0,0,0,0,0,0,0,966.25,12.31,35.7,12.89,2022/07/09,19:14:46,-51.2215478,71.1414379,348.592,15
2022/07/11 01:46:13.4630,11.875,0,0,0,0,0,0,0,0,0,0,0,0,0,0,0,0,0,0,0,0,0,0,0,0,0,0,0,0,0,0,0,0,0,0,966.14,12.24,35.9,12.85,2022/07/09,19:14:47,-51.2215497,71.1414375,349.262,15
2022/07/11 01:46:13.4785,11.891,0,0,0,0,0,0,0,0,0,0,0,0,0,0,0,0,0,0,0,0,0,0,0,0,0,0,0,0,0,0,0,0,0,0,966.1,12.19,36.1,12.81,2022/07/09,19:14:48,-51.2215499,71.1414393,350.578,15
2022/07/11 01:46:13.5098,11.922,0,0,0,0,0,0,0,0,0,0,0,0,0,0,0,0,0,0,0,0,0,0,0,0,0,0,0,0,0,0,0,0,0,0,965.95,12.17,36.2,12.78,2022/07/09,19:14:49,-51.2215471,71.1414393,351.68,15
2022/07/11 01:46:13.5409,11.953,0,0,0,0,0,0,0,0,0,0,0,0,0,0,0,0,0,0,0,0,0,0,0,0,0,0,0,0,0,0,0,0,0,0,965.86,12.19,36.3,12.76,2022/07/09,19:14:50,-51.2215428,71.1414381,352.373,15
2022/07/11 01:46:13.5567,11.969,0,0,0,0,0,0,0,0,0,0,0,0,0,0,0,0,0,0,0,0,0,0,0,0,0,0,0,0,0,0,0,0,0,0,965.72,12.17,36.4,12.77,2022/07/09,19:14:51,-51.2215397,71.1414372,353.172,15
2022/07/11 01:46:13.5880,12,0,0,0,0,0,0,0,0,0,0,0,0,0,0,0,0,0,0,0,0,0,0,0,0,0,0,0,0,0,0,0,0,0,0,965.6,12.17,36.4,12.73,2022/07/09,19:14:52,-51.2215372,71.1414372,354.189,15
2022/07/11 01:46:13.6192,12.031,0,0,0,0,0,0,0,0,0,0,0,0,0,0,0,0,0,0,0,0,0,0,0,0,0,0,0,0,0,0,0,0,0,0,965.43,12.17,36.5,12.7,2022/07/09,19:14:53,-51.2215375,71.1414361,355.228,15
2022/07/11 01:46:13.6348,12.047,0,0,0,0,0,0,0,0,0,0,0,0,0,0,0,0,0,0,0,0,0,0,0,0,0,0,0,0,0,0,0,0,0,0,965.38,12.15,36.5,12.69,2022/07/09,19:14:54,-51.2215378,71.1414352,356.315,15
2022/07/11 01:46:13.6661,12.078,0,0,0,0,0,0,0,0,0,0,0,0,0,0,0,0,0,0,0,0,0,0,0,0,0,0,0,0,0,0,0,0,0,0,965.3,12.14,36.5,12.69,2022/07/09,19:14:55,-51.2215362,71.1414356,357.562,15
2022/07/11 01:46:13.6973,12.109,0,0,0,0,0,0,0,0,0,0,0,0,0,0,0,0,0,0,0,0,0,0,0,0,0,0,0,0,0,0,0,0,0,0,965.16,12.12,36.4,12.67,2022/07/09,19:14:56,-51.2215342,71.1414361,358.961,15
2022/07/11 01:46:13.7129,12.125,0,0,0,0,0,0,0,0,0,0,0,0,0,0,0,0,0,0,0,0,0,0,0,0,0,0,0,0,0,0,0,0,0,0,964.98,12.09,36.4,12.66,2022/07/09,19:14:57,-51.2215335,71.1414362,360.26,15
2022/07/11 01:46:13.7442,12.156,0,0,0,0,0,0,0,0,0,0,0,0,0,0,0,0,0,0,0,0,0,0,0,0,0,0,0,0,0,0,0,0,0,0,964.9,12.1,36.5,12.65,2022/07/09,19:14:58,-51.2215324,71.1414372,361.788,15
2022/07/11 01:46:13.7755,12.187,0,0,0,0,0,0,0,0,0,0,0,0,0,0,0,0,0,0,0,0,0,0,0,0,0,0,0,0,0,0,0,0,0,0,964.82,12.08,36.5,12.65,2022/07/09,19:14:59,-51.2215313,71.1414367,363.021,15
2022/07/11 01:46:13.7911,12.203,0,0,0,0,0,0,0,0,0,0,0,0,0,0,0,0,0,0,0,0,0,0,0,0,0,0,0,0,0,0,0,0,0,0,964.6,12.04,36.5,12.63,2022/07/09,19:15:00,-51.221529,71.1414356,364.085,15
2022/07/11 01:46:13.8223,12.234,0,0,0,0,0,0,0,0,0,0,0,0,0,0,0,0,0,0,0,0,0,0,0,0,0,0,0,0,0,0,0,0,0,0,964.5,12.11,36.5,12.63,2022/07/09,19:15:01,-51.221528,71.1414345,364.836,15
2022/07/11 01:46:13.8536,12.266,0,0,0,0,0,0,0,0,0,0,0,0,0,0,0,0,0,0,0,0,0,0,0,0,0,0,0,0,0,0,0,0,0,0,964.47,12.11,36.4,12.66,2022/07/09,19:15:02,-51.2215297,71.1414347,365.918,15
2022/07/11 01:46:13.8692,12.281,0,0,0,0,0,0,0,0,0,0,0,0,0,0,0,0,0,0,0,0,0,0,0,0,0,0,0,0,0,0,0,0,0,0,964.3,12.13,36.4,12.66,2022/07/09,19:15:03,-51.2215301,71.1414348,367.059,15
2022/07/11 01:46:13.9005,12.312,0,0,0,0,0,0,0,0,0,0,0,0,0,0,0,0,0,0,0,0,0,0,0,0,0,0,0,0,0,0,0,0,0,0,964.12,12.21,36.3,12.69,2022/07/09,19:15:04,-51.2215299,71.1414339,367.881,15
2022/07/11 01:46:13.9317,12.344,0,0,0,0,0,0,0,0,0,0,0,0,0,0,0,0,0,0,0,0,0,0,0,0,0,0,0,0,0,0,0,0,0,0,964.03,12.08,36.3,12.69,2022/07/09,19:15:05,-51.2215314,71.1414332,368.773,15
2022/07/11 01:46:13.9472,12.359,0,0,0,0,0,0,0,0,0,0,0,0,0,0,0,0,0,0,0,0,0,0,0,0,0,0,0,0,0,0,0,0,0,0,963.94,12.04,36.4,12.67,2022/07/09,19:15:06,-51.2215353,71.1414331,369.865,15
2022/07/11 01:46:13.9784,12.39,0,0,0,0,0,0,0,0,0,0,0,0,0,0,0,0,0,0,0,0,0,0,0,0,0,0,0,0,0,0,0,0,0,0,963.8,12.08,36.4,12.66,2022/07/09,19:15:07,-51.221538,71.1414319,370.691,15
2022/07/11 01:46:13.9942,12.406,0,0,0,0,0,0,0,0,0,0,0,0,0,0,0,0,0,0,0,0,0,0,0,0,0,0,0,0,0,0,0,0,0,0,963.67,12.03,36.4,12.63,2022/07/09,19:15:08,-51.2215396,71.141431,371.643,15
2022/07/11 01:46:14.0255,12.438,0,0,0,0,0,0,0,0,0,0,0,0,0,0,0,0,0,0,0,0,0,0,0,0,0,0,0,0,0,0,0,0,0,0,963.61,12.02,36.4,12.63,2022/07/09,19:15:09,-51.2215396,71.14143,372.612,15
2022/07/11 01:46:14.0567,12.469,0,0,0,0,0,0,0,0,0,0,0,0,0,0,0,0,0,0,0,0,0,0,0,0,0,0,0,0,0,0,0,0,0,0,963.44,12.17,36.3,12.65,2022/07/09,19:15:10,-51.2215414,71.1414289,373.47,15
2022/07/11 01:46:14.0723,12.484,0,0,0,0,0,0,0,0,0,0,0,0,0,0,0,0,0,0,0,0,0,0,0,0,0,0,0,0,0,0,0,0,0,0,963.32,12.25,36.2,12.67,2022/07/09,19:15:11,-51.2215438,71.1414285,374.436,15
2022/07/11 01:46:14.1036,12.516,0,0,0,0,0,0,0,0,0,0,0,0,0,0,0,0,0,0,0,0,0,0,0,0,0,0,0,0,0,0,0,0,0,0,963.16,12.08,36.1,12.69,2022/07/09,19:15:12,-51.2215452,71.1414277,375.308,15
2022/07/11 01:46:14.1348,12.547,0,0,0,0,0,0,0,0,0,0,0,0,0,0,0,0,0,0,0,0,0,0,0,0,0,0,0,0,0,0,0,0,0,0,963,12.08,36.1,12.67,2022/07/09,19:15:13,-51.2215469,71.1414275,376.458,15
2022/07/11 01:46:14.1505,12.562,0,0,0,0,0,0,0,0,0,0,0,0,0,0,0,0,0,0,0,0,0,0,0,0,0,0,0,0,0,0,0,0,0,0,962.93,12.09,36.1,12.69,2022/07/09,19:15:14,-51.2215438,71.1414276,377.644,15
2022/07/11 01:46:14.1817,12.594,0,0,0,0,0,0,0,0,0,0,0,0,0,0,0,0,0,0,0,0,0,0,0,0,0,0,0,0,0,0,0,0,0,0,962.75,12.16,36,12.71,2022/07/09,19:15:15,-51.2215411,71.1414284,378.967,15
2022/07/11 01:46:14.2129,12.625,0,0,0,0,0,0,0,0,0,0,0,0,0,0,0,0,0,0,0,0,0,0,0,0,0,0,0,0,0,0,0,0,0,0,962.68,12.24,35.9,12.74,2022/07/09,19:15:16,-51.221538,71.141428,380.311,15
2022/07/11 01:46:14.2285,12.641,0,0,0,0,0,0,0,0,0,0,0,0,0,0,0,0,0,0,0,0,0,0,0,0,0,0,0,0,0,0,0,0,0,0,962.54,12.28,35.8,12.8,2022/07/09,19:15:17,-51.2215369,71.1414276,381.61,15
2022/07/11 01:46:14.2598,12.672,0,0,0,0,0,0,0,0,0,0,0,0,0,0,0,0,0,0,0,0,0,0,0,0,0,0,0,0,0,0,0,0,0,0,962.4,12.2,35.7,12.81,2022/07/09,19:15:18,-51.2215407,71.1414282,382.992,15
2022/07/11 01:46:14.2911,12.703,0,0,0,0,0,0,0,0,0,0,0,0,0,0,0,0,0,0,0,0,0,0,0,0,0,0,0,0,0,0,0,0,0,0,962.23,12.07,35.7,12.8,2022/07/09,19:15:19,-51.2215438,71.1414279,384.165,15
2022/07/11 01:46:14.3067,12.719,0,0,0,0,0,0,0,0,0,0,0,0,0,0,0,0,0,0,0,0,0,0,0,0,0,0,0,0,0,0,0,0,0,0,962.12,11.99,35.8,12.76,2022/07/09,19:15:20,-51.2215464,71.1414276,385.364,15
2022/07/11 01:46:14.3380,12.75,0,0,0,0,0,0,0,0,0,0,0,0,0,0,0,0,0,0,0,0,0,0,0,0,0,0,0,0,0,0,0,0,0,0,961.99,11.97,35.9,12.73,2022/07/09,19:15:21,-51.221546,71.1414268,386.478,15
2022/07/11 01:46:14.3692,12.781,0,0,0,0,0,0,0,0,0,0,0,0,0,0,0,0,0,0,0,0,0,0,0,0,0,0,0,0,0,0,0,0,0,0,961.83,11.94,36,12.69,2022/07/09,19:15:22,-51.221546,71.1414259,387.572,15
2022/07/11 01:46:14.3848,12.797,0,0,0,0,0,0,0,0,0,0,0,0,0,0,0,0,0,0,0,0,0,0,0,0,0,0,0,0,0,0,0,0,0,0,961.65,11.94,36,12.66,2022/07/09,19:15:23,-51.2215441,71.1414259,388.986,15
2022/07/11 01:46:14.4161,12.828,0,0,0,0,0,0,0,0,0,0,0,0,0,0,0,0,0,0,0,0,0,0,0,0,0,0,0,0,0,0,0,0,0,0,961.53,11.92,36.1,12.62,2022/07/09,19:15:24,-51.2215424,71.1414251,389.564,15
2022/07/11 01:46:14.4473,12.859,0,0,0,0,0,0,0,0,0,0,0,0,0,0,0,0,0,0,0,0,0,0,0,0,0,0,0,0,0,0,0,0,0,0,961.42,11.9,36.2,12.59,2022/07/09,19:15:25,-51.2215445,71.1414251,389.552,15
2022/07/11 01:46:14.4630,12.875,0,0,0,0,0,0,0,0,0,0,0,0,0,0,0,0,0,0,0,0,0,0,0,0,0,0,0,0,0,0,0,0,0,0,961.51,11.97,36.3,12.58,2022/07/09,19:15:26,-51.2215463,71.1414258,388.09,15
2022/07/11 01:46:14.4942,12.906,0,0,0,0,0,0,0,0,0,0,0,0,0,0,0,0,0,0,0,0,0,0,0,0,0,0,0,0,0,0,0,0,0,0,961.73,12.06,36.3,12.6,2022/07/09,19:15:27,-51.2215478,71.1414241,385.133,15
2022/07/11 01:46:14.5255,12.938,0,0,0,0,0,0,0,0,0,0,0,0,0,0,0,0,0,0,0,0,0,0,0,0,0,0,0,0,0,0,0,0,0,0,962.05,12.12,36.3,12.6,2022/07/09,19:15:28,-51.2215526,71.141421,382.057,15
2022/07/11 01:46:14.5411,12.953,0,0,0,0,0,0,0,0,0,0,0,0,0,0,0,0,0,0,0,0,0,0,0,0,0,0,0,0,0,0,0,0,0,0,962.45,12.21,36.3,12.6,2022/07/09,19:15:29,-51.2215521,71.1414198,379.052,15
2022/07/11 01:46:14.5723,12.984,0,0,0,0,0,0,0,0,0,0,0,0,0,0,0,0,0,0,0,0,0,0,0,0,0,0,0,0,0,0,0,0,0,0,962.68,12,36.3,12.52,2022/07/09,19:15:30,-51.2215477,71.1414189,375.417,15
2022/07/11 01:46:14.6036,13.016,0,0,0,0,0,0,0,0,0,0,0,0,0,0,0,0,0,0,0,0,0,0,0,0,0,0,0,0,0,0,0,0,0,0,963.22,11.93,36.4,12.47,2022/07/09,19:15:31,-51.2215436,71.1414212,372.348,15
2022/07/11 01:46:14.6192,13.031,0,0,0,0,0,0,0,0,0,0,0,0,0,0,0,0,0,0,0,0,0,0,0,0,0,0,0,0,0,0,0,0,0,0,963.47,11.96,36.4,12.43,2022/07/09,19:15:32,-51.2215417,71.1414236,369.148,15
2022/07/11 01:46:14.6505,13.062,0,0,0,0,0,0,0,0,0,0,0,0,0,0,0,0,0,0,0,0,0,0,0,0,0,0,0,0,0,0,0,0,0,0,963.85,11.98,36.4,12.4,2022/07/09,19:15:33,-51.2215475,71.1414263,366.431,15
2022/07/11 01:46:14.6817,13.094,0,0,0,0,0,0,0,0,0,0,0,0,0,0,0,0,0,0,0,0,0,0,0,0,0,0,0,0,0,0,0,0,0,0,964.19,11.99,36.5,12.37,2022/07/09,19:15:34,-51.2215501,71.1414264,363.302,15
2022/07/11 01:46:14.6973,13.109,0,0,0,0,0,0,0,0,0,0,0,0,0,0,0,0,0,0,0,0,0,0,0,0,0,0,0,0,0,0,0,0,0,0,964.57,12.05,36.6,12.37,2022/07/09,19:15:35,-51.2215522,71.1414268,360.532,15
2022/07/11 01:46:14.7129,13.125,0,0,0,0,0,0,0,0,0,0,0,0,0,0,0,0,0,0,0,0,0,0,0,0,0,0,0,0,0,0,0,0,0,0,964.84,12.07,36.6,12.37,2022/07/09,19:15:36,-51.2215515,71.1414279,357.84,15
2022/07/11 01:46:14.7442,13.156,0,0,0,0,0,0,0,0,0,0,0,0,0,0,0,0,0,0,0,0,0,0,0,0,0,0,0,0,0,0,0,0,0,0,965.18,12.1,36.7,12.37,2022/07/09,19:15:37,-51.2215528,71.141428,354.78,15
2022/07/11 01:46:14.7755,13.187,0,0,0,0,0,0,0,0,0,0,0,0,0,0,0,0,0,0,0,0,0,0,0,0,0,0,0,0,0,0,0,0,0,0,965.55,12.16,36.7,12.38,2022/07/09,19:15:38,-51.2215532,71.1414295,352.141,15
2022/07/11 01:46:14.8067,13.219,0,0,0,0,0,0,0,0,0,0,0,0,0,0,0,0,0,0,0,0,0,0,0,0,0,0,0,0,0,0,0,0,0,0,965.89,12.17,36.7,12.38,2022/07/09,19:15:39,-51.2215539,71.1414307,349.265,15
2022/07/11 01:46:14.8223,13.234,0,0,0,0,0,0,0,0,0,0,0,0,0,0,0,0,0,0,0,0,0,0,0,0,0,0,0,0,0,0,0,0,0,0,966.19,12.23,36.6,12.41,2022/07/09,19:15:40,-51.2215542,71.1414314,346.294,15
2022/07/11 01:46:14.8536,13.266,0,0,0,0,0,0,0,0,0,0,0,0,0,0,0,0,0,0,0,0,0,0,0,0,0,0,0,0,0,0,0,0,0,0,966.57,12.3,36.6,12.43,2022/07/09,19:15:41,-51.2215585,71.1414308,343.186,15
2022/07/11 01:46:14.8848,13.297,0,0,0,0,0,0,0,0,0,0,0,0,0,0,0,0,0,0,0,0,0,0,0,0,0,0,0,0,0,0,0,0,0,0,966.92,12.29,36.6,12.45,2022/07/09,19:15:42,-51.2215615,71.14143,340.005,15
2022/07/11 01:46:14.9005,13.313,0,0,0,0,0,0,0,0,0,0,0,0,0,0,0,0,0,0,0,0,0,0,0,0,0,0,0,0,0,0,0,0,0,0,967.28,12.32,36.6,12.47,2022/07/09,19:15:43,-51.2215595,71.1414312,337.059,15
2022/07/11 01:46:14.9316,13.344,0,0,0,0,0,0,0,0,0,0,0,0,0,0,0,0,0,0,0,0,0,0,0,0,0,0,0,0,0,0,0,0,0,0,967.57,12.3,36.5,12.48,2022/07/09,19:15:44,-51.221564,71.1414312,333.73,15
2022/07/11 01:46:14.9630,13.375,0,0,0,0,0,0,0,0,0,0,0,0,0,0,0,0,0,0,0,0,0,0,0,0,0,0,0,0,0,0,0,0,0,0,967.88,12.33,36.5,12.48,2022/07/09,19:15:45,-51.221565,71.1414325,330.847,15
2022/07/11 01:46:14.9785,13.391,0,0,0,0,0,0,0,0,0,0,0,0,0,0,0,0,0,0,0,0,0,0,0,0,0,0,0,0,0,0,0,0,0,0,968.27,12.3,36.5,12.49,2022/07/09,19:15:46,-51.2215662,71.1414323,327.355,15
2022/07/11 01:46:15.0099,13.422,0,0,0,0,0,0,0,0,0,0,0,0,0,0,0,0,0,0,0,0,0,0,0,0,0,0,0,0,0,0,0,0,0,0,968.55,12.35,36.5,12.49,2022/07/09,19:15:47,-51.2215624,71.141433,324.222,15
2022/07/11 01:46:15.0411,13.453,0,0,0,0,0,0,0,0,0,0,0,0,0,0,0,0,0,0,0,0,0,0,0,0,0,0,0,0,0,0,0,0,0,0,968.89,12.36,36.5,12.52,2022/07/09,19:15:48,-51.2215574,71.1414337,321.285,15
2022/07/11 01:46:15.0567,13.469,0,0,0,0,0,0,0,0,0,0,0,0,0,0,0,0,0,0,0,0,0,0,0,0,0,0,0,0,0,0,0,0,0,0,969.16,12.39,36.5,12.54,2022/07/09,19:15:49,-51.2215582,71.1414333,318.042,15
2022/07/11 01:46:15.0880,13.5,0,0,0,0,0,0,0,0,0,0,0,0,0,0,0,0,0,0,0,0,0,0,0,0,0,0,0,0,0,0,0,0,0,0,969.59,12.45,36.4,12.56,2022/07/09,19:15:50,-51.2215587,71.1414324,314.581,14
2022/07/11 01:46:15.1192,13.531,0,0,0,0,0,0,0,0,0,0,0,0,0,0,0,0,0,0,0,0,0,0,0,0,0,0,0,0,0,0,0,0,0,0,969.99,12.5,36.4,12.6,2022/07/09,19:15:51,-51.2215563,71.1414332,311.51,15
2022/07/11 01:46:15.1348,13.547,0,0,0,0,0,0,0,0,0,0,0,0,0,0,0,0,0,0,0,0,0,0,0,0,0,0,0,0,0,0,0,0,0,0,970.29,12.52,36.4,12.62,2022/07/09,19:15:52,-51.2215555,71.1414341,308.434,15
2022/07/11 01:46:15.1661,13.578,0,0,0,0,0,0,0,0,0,0,0,0,0,0,0,0,0,0,0,0,0,0,0,0,0,0,0,0,0,0,0,0,0,0,970.61,12.55,36.3,12.65,2022/07/09,19:15:53,-51.2215551,71.1414342,305.441,14
2022/07/11 01:46:15.1973,13.609,0,0,0,0,0,0,0,0,0,0,0,0,0,0,0,0,0,0,0,0,0,0,0,0,0,0,0,0,0,0,0,0,0,0,971,12.6,36.3,12.7,2022/07/09,19:15:54,-51.2215536,71.141434,302.358,15
2022/07/11 01:46:15.2128,13.625,0,0,0,0,0,0,0,0,0,0,0,0,0,0,0,0,0,0,0,0,0,0,0,0,0,0,0,0,0,0,0,0,0,0,971.38,12.64,36.2,12.71,2022/07/09,19:15:55,-51.2215552,71.1414328,299.029,15
2022/07/11 01:46:15.2442,13.656,0,0,0,0,0,0,0,0,0,0,0,0,0,0,0,0,0,0,0,0,0,0,0,0,0,0,0,0,0,0,0,0,0,0,971.67,12.65,36.3,12.73,2022/07/09,19:15:56,-51.2215573,71.1414332,296.07,14
2022/07/11 01:46:15.2755,13.687,0,0,0,0,0,0,0,0,0,0,0,0,0,0,0,0,0,0,0,0,0,0,0,0,0,0,0,0,0,0,0,0,0,0,972,12.63,36.4,12.73,2022/07/09,19:15:57,-51.2215586,71.1414331,292.804,15
2022/07/11 01:46:15.2911,13.703,0,0,0,0,0,0,0,0,0,0,0,0,0,0,0,0,0,0,0,0,0,0,0,0,0,0,0,0,0,0,0,0,0,0,972.29,12.68,36.5,12.76,2022/07/09,19:15:58,-51.2215538,71.1414341,289.949,15
2022/07/11 01:46:15.3223,13.734,0,0,0,0,0,0,0,0,0,0,0,0,0,0,0,0,0,0,0,0,0,0,0,0,0,0,0,0,0,0,0,0,0,0,972.66,12.76,36.4,12.81,2022/07/09,19:15:59,-51.2215486,71.1414343,287.104,15
2022/07/11 01:46:15.3536,13.766,0,0,0,0,0,0,0,0,0,0,0,0,0,0,0,0,0,0,0,0,0,0,0,0,0,0,0,0,0,0,0,0,0,0,972.89,12.79,36.3,12.82,2022/07/09,19:16:00,-51.2215472,71.1414338,284.145,15
2022/07/11 01:46:15.3692,13.781,0,0,0,0,0,0,0,0,0,0,0,0,0,0,0,0,0,0,0,0,0,0,0,0,0,0,0,0,0,0,0,0,0,0,973.3,12.82,36.2,12.89,2022/07/09,19:16:01,-51.2215463,71.1414337,281.217,15
2022/07/11 01:46:15.4005,13.812,0,0,0,0,0,0,0,0,0,0,0,0,0,0,0,0,0,0,0,0,0,0,0,0,0,0,0,0,0,0,0,0,0,0,973.64,12.85,36.2,12.93,2022/07/09,19:16:02,-51.2215449,71.1414334,278.283,15
2022/07/11 01:46:15.4317,13.844,0,0,0,0,0,0,0,0,0,0,0,0,0,0,0,0,0,0,0,0,0,0,0,0,0,0,0,0,0,0,0,0,0,0,973.96,13,36.1,12.97,2022/07/09,19:16:03,-51.2215466,71.141432,275.15,15
2022/07/11 01:46:15.4473,13.859,0,0,0,0,0,0,0,0,0,0,0,0,0,0,0,0,0,0,0,0,0,0,0,0,0,0,0,0,0,0,0,0,0,0,974.39,13.06,35.9,13.04,2022/07/09,19:16:04,-51.2215503,71.1414309,272.089,15
2022/07/11 01:46:15.4785,13.891,0,0,0,0,0,0,0,0,0,0,0,0,0,0,0,0,0,0,0,0,0,0,0,0,0,0,0,0,0,0,0,0,0,0,974.77,13.09,35.8,13.08,2022/07/09,19:16:05,-51.2215515,71.1414314,269.298,14
2022/07/11 01:46:15.4942,13.906,0,0,0,0,0,0,0,0,0,0,0,0,0,0,0,0,0,0,0,0,0,0,0,0,0,0,0,0,0,0,0,0,0,0,975.11,13.09,35.7,13.12,2022/07/09,19:16:06,-51.2215505,71.1414313,266.143,15
2022/07/11 01:46:15.5255,13.937,0,0,0,0,0,0,0,0,0,0,0,0,0,0,0,0,0,0,0,0,0,0,0,0,0,0,0,0,0,0,0,0,0,0,975.44,13.1,35.6,13.14,2022/07/09,19:16:07,-51.2215479,71.1414309,262.984,15
2022/07/11 01:46:15.5567,13.969,0,0,0,0,0,0,0,0,0,0,0,0,0,0,0,0,0,0,0,0,0,0,0,0,0,0,0,0,0,0,0,0,0,0,975.82,13.15,35.5,13.21,2022/07/09,19:16:08,-51.2215457,71.1414314,260.081,14
2022/07/11 01:46:15.5722,13.984,0,0,0,0,0,0,0,0,0,0,0,0,0,0,0,0,0,0,0,0,0,0,0,0,0,0,0,0,0,0,0,0,0,0,976.07,13.09,35.5,13.18,2022/07/09,19:16:09,-51.2215434,71.1414323,257.162,15
2022/07/11 01:46:15.6036,14.016,0,0,0,0,0,0,0,0,0,0,0,0,0,0,0,0,0,0,0,0,0,0,0,0,0,0,0,0,0,0,0,0,0,0,976.42,13.1,35.4,13.19,2022/07/09,19:16:10,-51.2215439,71.1414341,254.257,15
2022/07/11 01:46:15.6347,14.047,0,0,0,0,0,0,0,0,0,0,0,0,0,0,0,0,0,0,0,0,0,0,0,0,0,0,0,0,0,0,0,0,0,0,976.87,13.24,35.4,13.25,2022/07/09,19:16:11,-51.2215445,71.1414337,251.078,14
2022/07/11 01:46:15.6505,14.062,0,0,0,0,0,0,0,0,0,0,0,0,0,0,0,0,0,0,0,0,0,0,0,0,0,0,0,0,0,0,0,0,0,0,977.31,13.22,35.3,13.25,2022/07/09,19:16:12,-51.2215432,71.1414334,248.061,15
2022/07/11 01:46:15.6817,14.094,0,0,0,0,0,0,0,0,0,0,0,0,0,0,0,0,0,0,0,0,0,0,0,0,0,0,0,0,0,0,0,0,0,0,977.53,13.28,35.2,13.28,2022/07/09,19:16:13,-51.2215399,71.141434,245.18,15
2022/07/11 01:46:15.7129,14.125,0,0,0,0,0,0,0,0,0,0,0,0,0,0,0,0,0,0,0,0,0,0,0,0,0,0,0,0,0,0,0,0,0,0,977.88,13.22,35.2,13.29,2022/07/09,19:16:14,-51.2215369,71.1414348,242.18,14
2022/07/11 01:46:15.7284,14.14,0,0,0,0,0,0,0,0,0,0,0,0,0,0,0,0,0,0,0,0,0,0,0,0,0,0,0,0,0,0,0,0,0,0,978.25,13.28,35.2,13.3,2022/07/09,19:16:15,-51.2215355,71.1414356,239.17,15
2022/07/11 01:46:15.7598,14.172,0,0,0,0,0,0,0,0,0,0,0,0,0,0,0,0,0,0,0,0,0,0,0,0,0,0,0,0,0,0,0,0,0,0,978.53,13.34,35.2,13.35,2022/07/09,19:16:16,-51.2215337,71.1414369,236.266,15
2022/07/11 01:46:15.7911,14.203,0,0,0,0,0,0,0,0,0,0,0,0,0,0,0,0,0,0,0,0,0,0,0,0,0,0,0,0,0,0,0,0,0,0,978.93,13.32,35.1,13.37,2022/07/09,19:16:17,-51.2215373,71.1414362,233.025,14
2022/07/11 01:46:15.8066,14.219,0,0,0,0,0,0,0,0,0,0,0,0,0,0,0,0,0,0,0,0,0,0,0,0,0,0,0,0,0,0,0,0,0,0,979.18,13.29,35.1,13.37,2022/07/09,19:16:18,-51.2215377,71.1414361,230.177,15
2022/07/11 01:46:15.8380,14.25,0,0,0,0,0,0,0,0,0,0,0,0,0,0,0,0,0,0,0,0,0,0,0,0,0,0,0,0,0,0,0,0,0,0,979.5,13.31,35.1,13.4,2022/07/09,19:16:19,-51.2215339,71.1414369,227.407,15
2022/07/11 01:46:15.8692,14.281,0,0,0,0,0,0,0,0,0,0,0,0,0,0,0,0,0,0,0,0,0,0,0,0,0,0,0,0,0,0,0,0,0,0,979.84,13.3,35.1,13.4,2022/07/09,19:16:20,-51.2215319,71.1414379,224.5,14
2022/07/11 01:46:15.8848,14.297,0,0,0,0,0,0,0,0,0,0,0,0,0,0,0,0,0,0,0,0,0,0,0,0,0,0,0,0,0,0,0,0,0,0,980.17,13.37,34.9,13.43,2022/07/09,19:16:21,-51.2215331,71.1414376,221.352,15
2022/07/11 01:46:15.9161,14.328,0,0,0,0,0,0,0,0,0,0,0,0,0,0,0,0,0,0,0,0,0,0,0,0,0,0,0,0,0,0,0,0,0,0,980.53,13.45,34.9,13.47,2022/07/09,19:16:22,-51.2215331,71.1414374,218.565,15
2022/07/11 01:46:15.9473,14.359,0,0,0,0,0,0,0,0,0,0,0,0,0,0,0,0,0,0,0,0,0,0,0,0,0,0,0,0,0,0,0,0,0,0,980.88,13.49,34.8,13.48,2022/07/09,19:16:23,-51.2215358,71.1414376,215.743,14
2022/07/11 01:46:15.9628,14.375,0,0,0,0,0,0,0,0,0,0,0,0,0,0,0,0,0,0,0,0,0,0,0,0,0,0,0,0,0,0,0,0,0,0,981.34,13.56,34.9,13.51,2022/07/09,19:16:24,-51.2215393,71.1414376,212.768,15
2022/07/11 01:46:15.9942,14.406,0,0,0,0,0,0,0,0,0,0,0,0,0,0,0,0,0,0,0,0,0,0,0,0,0,0,0,0,0,0,0,0,0,0,981.63,13.63,34.8,13.55,2022/07/09,19:16:25,-51.2215379,71.1414382,209.971,15
2022/07/11 01:46:16.0255,14.437,0,0,0,0,0,0,0,0,0,0,0,0,0,0,0,0,0,0,0,0,0,0,0,0,0,0,0,0,0,0,0,0,0,0,981.92,13.64,34.7,13.59,2022/07/09,19:16:26,-51.2215346,71.1414387,206.949,14
2022/07/11 01:46:16.0411,14.453,0,0,0,0,0,0,0,0,0,0,0,0,0,0,0,0,0,0,0,0,0,0,0,0,0,0,0,0,0,0,0,0,0,0,982.22,13.63,34.7,13.63,2022/07/09,19:16:27,-51.2215304,71.1414394,204.014,15
2022/07/11 01:46:16.0723,14.484,0,0,0,0,0,0,0,0,0,0,0,0,0,0,0,0,0,0,0,0,0,0,0,0,0,0,0,0,0,0,0,0,0,0,982.5,13.69,34.8,13.66,2022/07/09,19:16:28,-51.2215268,71.14144,201.113,15
2022/07/11 01:46:16.1036,14.516,0,0,0,0,0,0,0,0,0,0,0,0,0,0,0,0,0,0,0,0,0,0,0,0,0,0,0,0,0,0,0,0,0,0,982.9,13.74,34.9,13.71,2022/07/09,19:16:29,-51.221525,71.1414409,198.189,14
2022/07/11 01:46:16.1192,14.531,0,0,0,0,0,0,0,0,0,0,0,0,0,0,0,0,0,0,0,0,0,0,0,0,0,0,0,0,0,0,0,0,0,0,983.34,13.68,34.7,13.74,2022/07/09,19:16:30,-51.2215161,71.1414447,195.751,16
2022/07/11 01:46:16.1504,14.562,0,0,0,0,0,0,0,0,0,0,0,0,0,0,0,0,0,0,0,0,0,0,0,0,0,0,0,0,0,0,0,0,0,0,983.68,13.66,34.6,13.74,2022/07/09,19:16:31,-51.221508,71.1414476,193.129,16
2022/07/11 01:46:16.1661,14.578,0,0,0,0,0,0,0,0,0,0,0,0,0,0,0,0,0,0,0,0,0,0,0,0,0,0,0,0,0,0,0,0,0,0,983.99,13.7,34.5,13.74,2022/07/09,19:16:32,-51.2215051,71.1414472,189.961,15
2022/07/11 01:46:16.1973,14.609,0,0,0,0,0,0,0,0,0,0,0,0,0,0,0,0,0,0,0,0,0,0,0,0,0,0,0,0,0,0,0,0,0,0,984.41,13.72,34.5,13.75,2022/07/09,19:16:33,-51.221505,71.1414462,186.816,15
2022/07/11 01:46:16.2285,14.641,0,0,0,0,0,0,0,0,0,0,0,0,0,0,0,0,0,0,0,0,0,0,0,0,0,0,0,0,0,0,0,0,0,0,984.8,13.75,34.4,13.77,2022/07/09,19:16:34,-51.2215058,71.1414453,183.739,15
2022/07/11 01:46:16.2442,14.656,0,0,0,0,0,0,0,0,0,0,0,0,0,0,0,0,0,0,0,0,0,0,0,0,0,0,0,0,0,0,0,0,0,0,985.11,13.82,34.3,13.8,2022/07/09,19:16:35,-51.2214972,71.141448,180.882,15
2022/07/11 01:46:16.2755,14.688,0,0,0,0,0,0,0,0,0,0,0,0,0,0,0,0,0,0,0,0,0,0,0,0,0,0,0,0,0,0,0,0,0,0,985.49,13.87,34.1,13.84,2022/07/09,19:16:36,-51.2214987,71.1414483,177.81,15
2022/07/11 01:46:16.3067,14.719,0,0,0,0,0,0,0,0,0,0,0,0,0,0,0,0,0,0,0,0,0,0,0,0,0,0,0,0,0,0,0,0,0,0,985.83,13.89,34.1,13.84,2022/07/09,19:16:37,-51.2214997,71.1414492,175.059,15
2022/07/11 01:46:16.3223,14.734,0,0,0,0,0,0,0,0,0,0,0,0,0,0,0,0,0,0,0,0,0,0,0,0,0,0,0,0,0,0,0,0,0,0,986.12,13.81,34.1,13.87,2022/07/09,19:16:38,-51.2214995,71.1414503,172.212,15
2022/07/11 01:46:16.3536,14.766,0,0,0,0,0,0,0,0,0,0,0,0,0,0,0,0,0,0,0,0,0,0,0,0,0,0,0,0,0,0,0,0,0,0,986.49,13.87,34.1,13.89,2022/07/09,19:16:39,-51.2215019,71.1414503,169.148,15
2022/07/11 01:46:16.3848,14.797,0,0,0,0,0,0,0,0,0,0,0,0,0,0,0,0,0,0,0,0,0,0,0,0,0,0,0,0,0,0,0,0,0,0,986.88,13.94,34,13.91,2022/07/09,19:16:40,-51.2215048,71.1414492,165.932,15
2022/07/11 01:46:16.4005,14.812,0,0,0,0,0,0,0,0,0,0,0,0,0,0,0,0,0,0,0,0,0,0,0,0,0,0,0,0,0,0,0,0,0,0,987.29,14,33.9,13.95,2022/07/09,19:16:41,-51.2215067,71.1414484,162.832,14
2022/07/11 01:46:16.4317,14.844,0,0,0,0,0,0,0,0,0,0,0,0,0,0,0,0,0,0,0,0,0,0,0,0,0,0,0,0,0,0,0,0,0,0,987.53,14.04,33.7,13.98,2022/07/09,19:16:42,-51.2215064,71.141448,159.913,15
2022/07/11 01:46:16.4628,14.875,0,0,0,0,0,0,0,0,0,0,0,0,0,0,0,0,0,0,0,0,0,0,0,0,0,0,0,0,0,0,0,0,0,0,987.89,14.04,33.7,14.02,2022/07/09,19:16:43,-51.2215096,71.1414477,156.996,15
2022/07/11 01:46:16.4784,14.89,0,0,0,0,0,0,0,0,0,0,0,0,0,0,0,0,0,0,0,0,0,0,0,0,0,0,0,0,0,0,0,0,0,0,988.27,14.05,33.6,14.03,2022/07/09,19:16:44,-51.2215097,71.141449,153.963,15
2022/07/11 01:46:16.5099,14.922,0,0,0,0,0,0,0,0,0,0,0,0,0,0,0,0,0,0,0,0,0,0,0,0,0,0,0,0,0,0,0,0,0,0,988.61,14.07,33.6,14.06,2022/07/09,19:16:45,-51.2215111,71.1414499,150.814,15
2022/07/11 01:46:16.5411,14.953,0,0,0,0,0,0,0,0,0,0,0,0,0,0,0,0,0,0,0,0,0,0,0,0,0,0,0,0,0,0,0,0,0,0,988.99,14.1,33.5,14.09,2022/07/09,19:16:46,-51.221513,71.1414504,147.737,15
2022/07/11 01:46:16.5567,14.969,0,0,0,0,0,0,0,0,0,0,0,0,0,0,0,0,0,0,0,0,0,0,0,0,0,0,0,0,0,0,0,0,0,0,989.29,14.15,33.5,14.11,2022/07/09,19:16:47,-51.2215136,71.1414502,144.699,14
2022/07/11 01:46:16.5880,15,0,0,0,0,0,0,0,0,0,0,0,0,0,0,0,0,0,0,0,0,0,0,0,0,0,0,0,0,0,0,0,0,0,0,989.66,14.18,33.4,14.15,2022/07/09,19:16:48,-51.2215146,71.14145,141.641,14
2022/07/11 01:46:16.6192,15.031,0,0,0,0,0,0,0,0,0,0,0,0,0,0,0,0,0,0,0,0,0,0,0,0,0,0,0,0,0,0,0,0,0,0,990.07,14.26,33.4,14.2,2022/07/09,19:16:49,-51.2215129,71.1414509,138.731,14
2022/07/11 01:46:16.6348,15.047,0,0,0,0,0,0,0,0,0,0,0,0,0,0,0,0,0,0,0,0,0,0,0,0,0,0,0,0,0,0,0,0,0,0,990.43,14.32,33.2,14.22,2022/07/09,19:16:50,-51.2215061,71.1414527,136.103,14
2022/07/11 01:46:16.6661,15.078,0,0,0,0,0,0,0,0,0,0,0,0,0,0,0,0,0,0,0,0,0,0,0,0,0,0,0,0,0,0,0,0,0,0,990.79,14.36,33.1,14.27,2022/07/09,19:16:51,-51.2215029,71.1414534,133.377,14
2022/07/11 01:46:16.6973,15.109,0,0,0,0,0,0,0,0,0,0,0,0,0,0,0,0,0,0,0,0,0,0,0,0,0,0,0,0,0,0,0,0,0,0,991.06,14.37,33,14.32,2022/07/09,19:16:52,-51.2215026,71.1414542,130.661,14
2022/07/11 01:46:16.7128,15.125,0,0,0,0,0,0,0,0,0,0,0,0,0,0,0,0,0,0,0,0,0,0,0,0,0,0,0,0,0,0,0,0,0,0,991.44,14.41,33,14.36,2022/07/09,19:16:53,-51.2215099,71.1414537,127.409,13
2022/07/11 01:46:16.7442,15.156,0,0,0,0,0,0,0,0,0,0,0,0,0,0,0,0,0,0,0,0,0,0,0,0,0,0,0,0,0,0,0,0,0,0,991.75,14.41,32.9,14.39,2022/07/09,19:16:54,-51.2215132,71.1414541,124.69,14
2022/07/11 01:46:16.7755,15.188,0,0,0,0,0,0,0,0,0,0,0,0,0,0,0,0,0,0,0,0,0,0,0,0,0,0,0,0,0,0,0,0,0,0,992.11,14.39,32.9,14.41,2022/07/09,19:16:55,-51.2215113,71.1414543,121.841,14
2022/07/11 01:46:16.7911,15.203,0,0,0,0,0,0,0,0,0,0,0,0,0,0,0,0,0,0,0,0,0,0,0,0,0,0,0,0,0,0,0,0,0,0,992.52,14.47,32.8,14.44,2022/07/09,19:16:56,-51.2215131,71.141454,119.517,13
2022/07/11 01:46:16.8223,15.234,0,0,0,0,0,0,0,0,0,0,0,0,0,0,0,0,0,0,0,0,0,0,0,0,0,0,0,0,0,0,0,0,0,0,992.82,14.54,32.7,14.48,2022/07/09,19:16:57,-51.2215034,71.1414562,117.099,14
2022/07/11 01:46:16.8536,15.266,0,0,0,0,0,0,0,0,0,0,0,0,0,0,0,0,0,0,0,0,0,0,0,0,0,0,0,0,0,0,0,0,0,0,993.18,14.36,32.8,14.47,2022/07/09,19:16:58,-51.2215039,71.1414556,114.061,13
2022/07/11 01:46:16.8692,15.281,0,0,0,0,0,0,0,0,0,0,0,0,0,0,0,0,0,0,0,0,0,0,0,0,0,0,0,0,0,0,0,0,0,0,993.6,14.37,32.8,14.48,2022/07/09,19:16:59,-51.2214997,71.1414566,111.309,12
2022/07/11 01:46:16.8847,15.297,0,0,0,0,0,0,0,0,0,0,0,0,0,0,0,0,0,0,0,0,0,0,0,0,0,0,0,0,0,0,0,0,0,0,993.89,14.35,32.9,14.5,2022/07/09,19:17:00,-51.2214996,71.1414563,108.305,12
2022/07/11 01:46:16.9161,15.328,0,0,0,0,0,0,0,0,0,0,0,0,0,0,0,0,0,0,0,0,0,0,0,0,0,0,0,0,0,0,0,0,0,0,994.18,14.42,32.9,14.51,2022/07/09,19:17:01,-51.2214968,71.1414572,105.675,13
2022/07/11 01:46:16.9473,15.359,0,0,0,0,0,0,0,0,0,0,0,0,0,0,0,0,0,0,0,0,0,0,0,0,0,0,0,0,0,0,0,0,0,0,994.47,14.47,33,14.54,2022/07/09,19:17:02,-51.2214947,71.1414586,102.864,12
2022/07/11 01:46:16.9784,15.39,0,0,0,0,0,0,0,0,0,0,0,0,0,0,0,0,0,0,0,0,0,0,0,0,0,0,0,0,0,0,0,0,0,0,994.87,14.51,33,14.58,2022/07/09,19:17:03,-51.2215009,71.1414569,99.461,12
2022/07/11 01:46:16.9942,15.406,0,0,0,0,0,0,0,0,0,0,0,0,0,0,0,0,0,0,0,0,0,0,0,0,0,0,0,0,0,0,0,0,0,0,995.27,14.53,33.1,14.58,2022/07/09,19:17:04,-51.2215044,71.1414551,96.089,13
2022/07/11 01:46:17.0255,15.438,0,0,0,0,0,0,0,0,0,0,0,0,0,0,0,0,0,0,0,0,0,0,0,0,0,0,0,0,0,0,0,0,0,0,995.6,14.58,33.1,14.59,2022/07/09,19:17:05,-51.2215071,71.1414538,93.134,11
2022/07/11 01:46:17.0567,15.469,0,0,0,0,0,0,0,0,0,0,0,0,0,0,0,0,0,0,0,0,0,0,0,0,0,0,0,0,0,0,0,0,0,0,995.98,14.64,33.1,14.63,2022/07/09,19:17:06,-51.2214859,71.141458,90.434,13
2022/07/11 01:46:17.0723,15.484,0,0,0,0,0,0,0,0,0,0,0,0,0,0,0,0,0,0,0,0,0,0,0,0,0,0,0,0,0,0,0,0,0,0,996.2,14.73,33,14.7,2022/07/09,19:17:07,-51.2214872,71.1414604,88.264,12
2022/07/11 01:46:17.1036,15.516,0,0,0,0,0,0,0,0,0,0,0,0,0,0,0,0,0,0,0,0,0,0,0,0,0,0,0,0,0,0,0,0,0,0,996.62,14.74,33,14.74,2022/07/09,19:17:08,-51.2214884,71.1414612,85.166,11
2022/07/11 01:46:17.1348,15.547,0,0,0,0,0,0,0,0,0,0,0,0,0,0,0,0,0,0,0,0,0,0,0,0,0,0,0,0,0,0,0,0,0,0,997.14,14.76,33,14.79,2022/07/09,19:17:09,-51.2214297,71.1414758,83.822,13
2022/07/11 01:46:17.1505,15.562,0,0,0,0,0,0,0,0,0,0,0,0,0,0,0,0,0,0,0,0,0,0,0,0,0,0,0,0,0,0,0,0,0,0,997.45,14.81,33,14.79,2022/07/09,19:17:10,-51.2214243,71.1414762,81.459,14
2022/07/11 01:46:17.1817,15.594,0,0,0,0,0,0,0,0,0,0,0,0,0,0,0,0,0,0,0,0,0,0,0,0,0,0,0,0,0,0,0,0,0,0,997.76,14.8,33,14.81,2022/07/09,19:17:11,-51.2214369,71.1414727,78.743,12
2022/07/11 01:46:17.2128,15.625,0,0,0,0,0,0,0,0,0,0,0,0,0,0,0,0,0,0,0,0,0,0,0,0,0,0,0,0,0,0,0,0,0,0,998.17,14.78,32.9,14.83,2022/07/09,19:17:12,-51.2214259,71.1414743,75.572,12
2022/07/11 01:46:17.2284,15.64,0,0,0,0,0,0,0,0,0,0,0,0,0,0,0,0,0,0,0,0,0,0,0,0,0,0,0,0,0,0,0,0,0,0,998.56,14.85,32.9,14.84,2022/07/09,19:17:13,-51.2214399,71.1414725,72.9,12
2022/07/11 01:46:17.2598,15.672,0,0,0,0,0,0,0,0,0,0,0,0,0,0,0,0,0,0,0,0,0,0,0,0,0,0,0,0,0,0,0,0,0,0,998.98,14.81,32.7,14.85,2022/07/09,19:17:14,-51.221447,71.141472,69.862,10
2022/07/11 01:46:17.2911,15.703,0,0,0,0,0,0,0,0,0,0,0,0,0,0,0,0,0,0,0,0,0,0,0,0,0,0,0,0,0,0,0,0,0,0,999.19,14.85,32.7,14.85,2022/07/09,19:17:15,-51.2214526,71.1414707,66.828,12
2022/07/11 01:46:17.3067,15.719,0,0,0,0,0,0,0,0,0,0,0,0,0,0,0,0,0,0,0,0,0,0,0,0,0,0,0,0,0,0,0,0,0,0,999.54,14.95,32.7,14.9,2022/07/09,19:17:16,-51.2214551,71.141469,63.28,12
2022/07/11 01:46:17.3380,15.75,0,0,0,0,0,0,0,0,0,0,0,0,0,0,0,0,0,0,0,0,0,0,0,0,0,0,0,0,0,0,0,0,0,0,999.92,15,32.7,14.92,2022/07/09,19:17:17,-51.2214641,71.1414669,60.062,12
2022/07/11 01:46:17.3692,15.781,0,0,0,0,0,0,0,0,0,0,0,0,0,0,0,0,0,0,0,0,0,0,0,0,0,0,0,0,0,0,0,0,0,0,1000.3,15.02,32.6,14.95,2022/07/09,19:17:18,-51.2214741,71.1414617,56.125,12
2022/07/11 01:46:17.3849,15.797,0,0,0,0,0,0,0,0,0,0,0,0,0,0,0,0,0,0,0,0,0,0,0,0,0,0,0,0,0,0,0,0,0,0,1000.59,15,32.6,14.99,2022/07/09,19:17:19,-51.2214776,71.1414582,53.589,12
2022/07/11 01:46:17.4161,15.828,0,0,0,0,0,0,0,0,0,0,0,0,0,0,0,0,0,0,0,0,0,0,0,0,0,0,0,0,0,0,0,0,0,0,1000.95,15.1,32.6,15.02,2022/07/09,19:17:20,-51.2214663,71.1414593,50.042,12
2022/07/11 01:46:17.4473,15.859,0,0,0,0,0,0,0,0,0,0,0,0,0,0,0,0,0,0,0,0,0,0,0,0,0,0,0,0,0,0,0,0,0,0,1001.32,15.11,32.5,15.06,2022/07/09,19:17:21,-51.221478,71.141457,46.6,13
2022/07/11 01:46:17.4628,15.875,0,0,0,0,0,0,0,0,0,0,0,0,0,0,0,0,0,0,0,0,0,0,0,0,0,0,0,0,0,0,0,0,0,0,1001.72,15.16,32.4,15.1,2022/07/09,19:17:22,-51.2214844,71.1414561,43.341,14
2022/07/11 01:46:17.4942,15.906,0,0,0,0,0,0,0,0,0,0,0,0,0,0,0,0,0,0,0,0,0,0,0,0,0,0,0,0,0,0,0,0,0,0,1001.99,15.2,32.4,15.13,2022/07/09,19:17:23,-51.2214906,71.1414561,40.411,12
2022/07/11 01:46:17.5255,15.938,0,0,0,0,0,0,0,0,0,0,0,0,0,0,0,0,0,0,0,0,0,0,0,0,0,0,0,0,0,0,0,0,0,0,1002.39,15.27,32.4,15.19,2022/07/09,19:17:24,-51.2214933,71.141456,37.394,13
2022/07/11 01:46:17.5411,15.953,0,0,0,0,0,0,0,0,0,0,0,0,0,0,0,0,0,0,0,0,0,0,0,0,0,0,0,0,0,0,0,0,0,0,1002.66,15.33,32.3,15.26,2022/07/09,19:17:25,-51.221499,71.1414569,34.481,13
2022/07/11 01:46:17.5723,15.984,0,0,0,0,0,0,0,0,0,0,0,0,0,0,0,0,0,0,0,0,0,0,0,0,0,0,0,0,0,0,0,0,0,0,1003.05,15.41,32.3,15.32,2022/07/09,19:17:26,-51.2215047,71.1414565,31.409,13
2022/07/11 01:46:17.6036,16.016,0,0,0,0,0,0,0,0,0,0,0,0,0,0,0,0,0,0,0,0,0,0,0,0,0,0,0,0,0,0,0,0,0,0,1003.43,15.47,32.2,15.39,2022/07/09,19:17:27,-51.2215033,71.1414555,28.155,14
2022/07/11 01:46:17.6191,16.031,0,0,0,0,0,0,0,0,0,0,0,0,0,0,0,0,0,0,0,0,0,0,0,0,0,0,0,0,0,0,0,0,0,0,1003.64,15.52,32.1,15.43,2022/07/09,19:17:28,-51.2215017,71.1414477,24.377,14
2022/07/11 01:46:17.6347,16.047,0,0,0,0,0,0,0,0,0,0,0,0,0,0,0,0,0,0,0,0,0,0,0,0,0,0,0,0,0,0,0,0,0,0,1004.12,15.52,32.1,15.44,2022/07/09,19:17:29,-51.2214801,71.1414425,21.32,13
2022/07/11 01:46:17.6661,16.078,0,0,0,0,0,0,0,0,0,0,0,0,0,0,0,0,0,0,0,0,0,0,0,0,0,0,0,0,0,0,0,0,0,0,1004.41,15.73,32.1,15.57,2022/07/09,19:17:30,-51.2214565,71.1414451,18.454,14
2022/07/11 01:46:17.6972,16.109,0,0,0,0,0,0,0,0,0,0,0,0,0,0,0,0,0,0,0,0,0,0,0,0,0,0,0,0,0,0,0,0,0,0,1004.73,15.72,32.1,15.64,2022/07/09,19:17:31,-51.221462,71.1414447,15.148,14
2022/07/11 01:46:17.7285,16.14,0,0,0,0,0,0,0,0,0,0,0,0,0,0,0,0,0,0,0,0,0,0,0,0,0,0,0,0,0,0,0,0,0,0,1005.05,15.73,31.9,15.69,2022/07/09,19:17:32,-51.221474,71.1414451,14.138,14
2022/07/11 01:46:17.7442,16.156,0,0,0,0,0,0,0,0,0,0,0,0,0,0,0,0,0,0,0,0,0,0,0,0,0,0,0,0,0,0,0,0,0,0,1005.24,15.73,31.9,15.69,2022/07/09,19:17:33,-51.2214737,71.141445,12.141,14
2022/07/11 01:46:17.7755,16.187,0,0,0,0,0,0,0,0,0,0,0,0,0,0,0,0,0,0,0,0,0,0,0,0,0,0,0,0,0,0,0,0,0,0,1005.43,15.83,31.9,15.74,2022/07/09,19:17:34,-51.2214636,71.1414448,10.666,14
2022/07/11 01:46:17.8067,16.219,0,0,0,0,0,0,0,0,0,0,0,0,0,0,0,0,0,0,0,0,0,0,0,0,0,0,0,0,0,0,0,0,0,0,1005.48,15.82,31.9,15.76,2022/07/09,19:17:35,-51.2214565,71.1414458,9.742,13
2022/07/11 01:46:17.8223,16.234,0,0,0,0,0,0,0,0,0,0,0,0,0,0,0,0,0,0,0,0,0,0,0,0,0,0,0,0,0,0,0,0,0,0,1005.56,15.94,32.1,15.81,2022/07/09,19:17:36,-51.2214627,71.1414472,8.545,14
2022/07/11 01:46:17.8535,16.266,0,0,0,0,0,0,0,0,0,0,0,0,0,0,0,0,0,0,0,0,0,0,0,0,0,0,0,0,0,0,0,0,0,0,1005.68,15.94,32.2,15.83,2022/07/09,19:17:37,-51.2214653,71.1414465,7.518,14
2022/07/11 01:46:17.8848,16.297,0,0,0,0,0,0,0,0,0,0,0,0,0,0,0,0,0,0,0,0,0,0,0,0,0,0,0,0,0,0,0,0,0,0,1005.76,16.02,32.6,15.84,2022/07/09,19:17:38,-51.2214438,71.1414507,7.281,13
2022/07/11 01:46:17.9005,16.312,0,0,0,0,0,0,0,0,0,0,0,0,0,0,0,0,0,0,0,0,0,0,0,0,0,0,0,0,0,0,0,0,0,0,1005.61,16.19,33,15.95,2022/07/09,19:17:39,-51.2214237,71.1414543,6.949,14
2022/07/11 01:46:17.9317,16.344,0,0,0,0,0,0,0,0,0,0,0,0,0,0,0,0,0,0,0,0,0,0,0,0,0,0,0,0,0,0,0,0,0,0,1005.65,16.21,33.3,16.02,2022/07/09,19:17:40,-51.2214329,71.1414586,6.954,14
2022/07/11 01:46:17.9628,16.375,0,0,0,0,0,0,0,0,0,0,0,0,0,0,0,0,0,0,0,0,0,0,0,0,0,0,0,0,0,0,0,0,0,0,1005.79,16.27,33.9,16.1,2022/07/09,19:17:41,-51.2214599,71.1414607,5.51,14
2022/07/11 01:46:17.9785,16.391,0,0,0,0,0,0,0,0,0,0,0,0,0,0,0,0,0,0,0,0,0,0,0,0,0,0,0,0,0,0,0,0,0,0,1005.92,16.32,34.2,16.12,2022/07/09,19:17:42,-51.2214709,71.1414577,4.153,14
2022/07/11 01:46:18.0098,16.422,0,0,0,0,0,0,0,0,0,0,0,0,0,0,0,0,0,0,0,0,0,0,0,0,0,0,0,0,0,0,0,0,0,0,1006.01,16.36,34.6,16.18,2022/07/09,19:17:43,-51.2214731,71.141458,3.567,14
2022/07/11 01:46:18.0411,16.453,0,0,0,0,0,0,0,0,0,0,0,0,0,0,0,0,0,0,0,0,0,0,0,0,0,0,0,0,0,0,0,0,0,0,1006.08,16.41,35.1,16.21,2022/07/09,19:17:44,-51.2214833,71.1414614,2.83,14
2022/07/11 01:46:18.0567,16.469,0,0,0,0,0,0,0,0,0,0,0,0,0,0,0,0,0,0,0,0,0,0,0,0,0,0,0,0,0,0,0,0,0,0,1006.17,16.4,35.6,16.25,2022/07/09,19:17:45,-51.2214889,71.1414627,2.086,14
2022/07/11 01:46:18.0880,16.5,0,0,0,0,0,0,0,0,0,0,0,0,0,0,0,0,0,0,0,0,0,0,0,0,0,0,0,0,0,0,0,0,0,0,1006.25,16.47,35.9,16.28,2022/07/09,19:17:46,-51.2214901,71.1414621,0.924,13
2022/07/11 01:46:18.1192,16.531,0,0,0,0,0,0,0,0,0,0,0,0,0,0,0,0,0,0,0,0,0,0,0,0,0,0,0,0,0,0,0,0,0,0,1006.28,16.61,36.3,16.36,2022/07/09,19:17:47,-51.2214943,71.141462,-0.515,14
2022/07/11 01:46:18.1348,16.547,0,0,0,0,0,0,0,0,0,0,0,0,0,0,0,0,0,0,0,0,0,0,0,0,0,0,0,0,0,0,0,0,0,0,1006.44,16.84,36.8,16.46,2022/07/09,19:17:48,-51.2215007,71.1414625,-1.513,14
2022/07/11 01:46:18.1661,16.578,0,0,0,0,0,0,0,0,0,0,0,0,0,0,0,0,0,0,0,0,0,0,0,0,0,0,0,0,0,0,0,0,0,0,1006.55,16.66,36.4,16.5,2022/07/09,19:17:49,-51.2215042,71.141466,-1.893,14
2022/07/11 01:46:18.1972,16.609,0,0,0,0,0,0,0,0,0,0,0,0,0,0,0,0,0,0,0,0,0,0,0,0,0,0,0,0,0,0,0,0,0,0,1006.53,16.63,36.2,16.53,2022/07/09,19:17:50,-51.2215094,71.141468,-2.156,14
2022/07/11 01:46:18.2128,16.625,0,0,0,0,0,0,0,0,0,0,0,0,0,0,0,0,0,0,0,0,0,0,0,0,0,0,0,0,0,0,0,0,0,0,1006.59,16.65,36.2,16.56,2022/07/09,19:17:51,-51.2215219,71.14147,-1.933,14
2022/07/11 01:46:18.2442,16.656,0,0,0,0,0,0,0,0,0,0,0,0,0,0,0,0,0,0,0,0,0,0,0,0,0,0,0,0,0,0,0,0,0,0,1006.53,16.91,36.6,16.64,2022/07/09,19:17:52,-51.2215287,71.1414741,-1.137,14
2022/07/11 01:46:18.2755,16.687,0,0,0,0,0,0,0,0,0,0,0,0,0,0,0,0,0,0,0,0,0,0,0,0,0,0,0,0,0,0,0,0,0,0,1006.65,17.19,37.2,16.74,2022/07/09,19:17:53,-51.221524,71.1414733,-0.272,14
2022/07/11 01:46:18.2911,16.703,0,0,0,0,0,0,0,0,0,0,0,0,0,0,0,0,0,0,0,0,0,0,0,0,0,0,0,0,0,0,0,0,0,0,1006.63,17.04,37,16.8,2022/07/09,19:17:54,-51.2215239,71.1414735,-0.064,14
2022/07/11 01:46:18.3223,16.734,0,0,0,0,0,0,0,0,0,0,0,0,0,0,0,0,0,0,0,0,0,0,0,0,0,0,0,0,0,0,0,0,0,0,1006.66,16.87,36.5,16.82,2022/07/09,19:17:55,-51.2215236,71.1414755,1.425,13
2022/07/11 01:46:18.3536,16.766,0,0,0,0,0,0,0,0,0,0,0,0,0,0,0,0,0,0,0,0,0,0,0,0,0,0,0,0,0,0,0,0,0,0,1006.6,16.74,36.2,16.8,2022/07/09,19:17:56,-51.2215221,71.1414766,1.188,14
2022/07/11 01:46:18.3692,16.781,0,0,0,0,0,0,0,0,0,0,0,0,0,0,0,0,0,0,0,0,0,0,0,0,0,0,0,0,0,0,0,0,0,0,1006.63,16.61,35.6,16.76,2022/07/09,19:17:57,-51.2215126,71.141477,1.945,14
2022/07/11 01:46:18.4005,16.812,0,0,0,0,0,0,0,0,0,0,0,0,0,0,0,0,0,0,0,0,0,0,0,0,0,0,0,0,0,0,0,0,0,0,1006.6,16.43,35.1,16.74,2022/07/09,19:17:58,-51.2215086,71.1414762,1.787,14
2022/07/11 01:46:18.4317,16.844,0,0,0,0,0,0,0,0,0,0,0,0,0,0,0,0,0,0,0,0,0,0,0,0,0,0,0,0,0,0,0,0,0,0,1006.65,16.53,35.1,16.75,2022/07/09,19:17:59,-51.2215018,71.1414772,2.553,14
2022/07/11 01:46:18.4472,16.859,0,0,0,0,0,0,0,0,0,0,0,0,0,0,0,0,0,0,0,0,0,0,0,0,0,0,0,0,0,0,0,0,0,0,1006.67,16.44,35.1,16.71,2022/07/09,19:18:00,-51.221494,71.1414766,2.505,14
2022/07/11 01:46:18.4785,16.891,0,0,0,0,0,0,0,0,0,0,0,0,0,0,0,0,0,0,0,0,0,0,0,0,0,0,0,0,0,0,0,0,0,0,1006.64,16.39,35.1,16.69,2022/07/09,19:18:01,-51.2214901,71.1414759,2.8,14
2022/07/11 01:46:18.5098,16.922,0,0,0,0,0,0,0,0,0,0,0,0,0,0,0,0,0,0,0,0,0,0,0,0,0,0,0,0,0,0,0,0,0,0,1006.66,16.46,35.3,16.69,2022/07/09,19:18:02,-51.2214866,71.1414765,3.196,13
2022/07/11 01:46:18.5255,16.938,0,0,0,0,0,0,0,0,0,0,0,0,0,0,0,0,0,0,0,0,0,0,0,0,0,0,0,0,0,0,0,0,0,0,1006.67,16.49,35.3,16.69,2022/07/09,19:18:03,-51.2214837,71.141477,3.165,14
2022/07/11 01:46:18.5409,16.953,0,0,0,0,0,0,0,0,0,0,0,0,0,0,0,0,0,0,0,0,0,0,0,0,0,0,0,0,0,0,0,0,0,0,1006.83,17.5,36.3,16.85,2022/07/09,19:18:04,-51.2214799,71.1414753,2.93,14
2022/07/11 01:46:18.5723,16.984,0,0,0,0,0,0,0,0,0,0,0,0,0,0,0,0,0,0,0,0,0,0,0,0,0,0,0,0,0,0,0,0,0,0,1006.84,18.2,37,17.06,2022/07/09,19:18:05,-51.2214804,71.141475,2.833,14
2022/07/11 01:46:18.6036,17.016,0,0,0,0,0,0,0,0,0,0,0,0,0,0,0,0,0,0,0,0,0,0,0,0,0,0,0,0,0,0,0,0,0,0,1006.93,18.41,37.3,17.21,2022/07/09,19:18:06,-51.221474,71.1414784,3.172,13
2022/07/11 01:46:18.6347,17.047,0,0,0,0,0,0,0,0,0,0,0,0,0,0,0,0,0,0,0,0,0,0,0,0,0,0,0,0,0,0,0,0,0,0,1006.93,18.21,36.9,17.35,2022/07/09,19:18:07,-51.2214755,71.1414808,3.143,13
2022/07/11 01:46:18.6505,17.062,0,0,0,0,0,0,0,0,0,0,0,0,0,0,0,0,0,0,0,0,0,0,0,0,0,0,0,0,0,0,0,0,0,0,1006.95,17.78,36,17.42,2022/07/09,19:18:08,-51.2214838,71.1414814,3.093,12
2022/07/11 01:46:18.6817,17.094,0,0,0,0,0,0,0,0,0,0,0,0,0,0,0,0,0,0,0,0,0,0,0,0,0,0,0,0,0,0,0,0,0,0,1006.85,17.5,35.5,17.46,2022/07/09,19:18:09,-51.2215019,71.1414769,3.505,12
2022/07/11 01:46:18.7128,17.125,0,0,0,0,0,0,0,0,0,0,0,0,0,0,0,0,0,0,0,0,0,0,0,0,0,0,0,0,0,0,0,0,0,0,1006.67,17.39,34.4,17.47,2022/07/09,19:18:10,-51.2215037,71.1414744,4.534,13
2022/07/11 01:46:18.7286,17.141,0,0,0,0,0,0,0,0,0,0,0,0,0,0,0,0,0,0,0,0,0,0,0,0,0,0,0,0,0,0,0,0,0,0,1006.86,17.47,34.1,17.49,2022/07/09,19:18:11,-51.221513,71.1414648,3.631,13
2022/07/11 01:46:18.7598,17.172,0,0,0,0,0,0,0,0,0,0,0,0,0,0,0,0,0,0,0,0,0,0,0,0,0,0,0,0,0,0,0,0,0,0,1006.78,17.92,34.5,17.58,2022/07/09,19:18:12,-51.2215103,71.1414579,2.736,13
2022/07/11 01:46:18.7911,17.203,0,0,0,0,0,0,0,0,0,0,0,0,0,0,0,0,0,0,0,0,0,0,0,0,0,0,0,0,0,0,0,0,0,0,1006.86,18.15,34.1,17.69,2022/07/09,19:18:13,-51.2215138,71.1414533,2.782,14
2022/07/11 01:46:18.8067,17.219,0,0,0,0,0,0,0,0,0,0,0,0,0,0,0,0,0,0,0,0,0,0,0,0,0,0,0,0,0,0,0,0,0,0,1006.82,17.86,33.4,17.78,2022/07/09,19:18:14,-51.2215074,71.1414509,2.789,14
2022/07/11 01:46:18.8379,17.25,0,0,0,0,0,0,0,0,0,0,0,0,0,0,0,0,0,0,0,0,0,0,0,0,0,0,0,0,0,0,0,0,0,0,1006.79,17.87,33,17.87,2022/07/09,19:18:15,-51.2214943,71.141454,3.299,14
2022/07/11 01:46:18.8692,17.281,0,0,0,0,0,0,0,0,0,0,0,0,0,0,0,0,0,0,0,0,0,0,0,0,0,0,0,0,0,0,0,0,0,0,1006.66,17.63,32.4,17.93,2022/07/09,19:18:16,-51.2214985,71.1414514,3.211,14
2022/07/11 01:46:18.8848,17.297,0,0,0,0,0,0,0,0,0,0,0,0,0,0,0,0,0,0,0,0,0,0,0,0,0,0,0,0,0,0,0,0,0,0,1006.63,17.66,32,18.01,2022/07/09,19:18:17,-51.2215024,71.1414481,3.248,14
2022/07/11 01:46:18.9161,17.328,0,0,0,0,0,0,0,0,0,0,0,0,0,0,0,0,0,0,0,0,0,0,0,0,0,0,0,0,0,0,0,0,0,0,1006.63,17.55,31.7,18.02,2022/07/09,19:18:18,-51.221507,71.1414437,2.528,14
2022/07/11 01:46:18.9473,17.359,0,0,0,0,0,0,0,0,0,0,0,0,0,0,0,0,0,0,0,0,0,0,0,0,0,0,0,0,0,0,0,0,0,0,1006.7,17.45,31.4,18.05,2022/07/09,19:18:19,-51.2215069,71.1414442,2.872,14
